review_id,rating_date,employee_length,employee_status,employee_type,flag_covid,flag_featured,flags_business_outlook,flags_ceo_approval,flags_recommend_frend,rating_culture_values,rating_diversity_inclusion,rating_overall,rating_work_life,summary,employee_location,employee_job_title,advice_to_management,review_pros,review_cons,rating_compensation_benefits,rating_senior_leadership,rating_career_opportunities,cleaned_text,advice_to_management_cleaned,review_pros_cleaned,review_cons_cleaned,sentiment_polarity,sentiment_subjectivity,sentiment_label,platform,S No.,Link,Upload Date,Views,Likes,Comments,Transcript/Transcript Link,Tone,Topic,Title,Transcript,Theme,full_text_for_tagging,Segment
1.0,2025-06-03T00:00:00.000Z,0.0,REGULAR,Current employee,False,False,,,,0.0,0.0,3.0,0.0,Amazon,"Richmond, VA",Warehouse Fulfillment Associate,don’t micro manage,"not interactive 
can leave or take off whenever as long as you have time 
easy work","inhumane 
draining physically &amp; mentally",0.0,0.0,0.0,amazon,dont micro manage,interactive leave take whenever long time easy work,inhumane draining physically mentally,0.0,0.0,neutral,Glassdoor,,,,,,,,,,,,Physical Strain and Exhaustion,amazon inhumane draining physically mentally interactive leave take whenever long time easy work,Full-Time Warehouse Associates
2.0,2025-05-29T00:00:00.000Z,1.0,CONTRACT,"Current employee, less than 1 year",False,False,POSITIVE,APPROVE,POSITIVE,5.0,5.0,4.0,3.0,Good,"Brampton, ON",Warehouse Associate,Remove all attitude manager from warehouse,good and easy work enviorment,"Sticks rules and completing targets any how, otherwise get warning",5.0,3.0,5.0,good,remove attitude manager warehouse,good easy work enviorment,sticks rules completing targets otherwise get warning,0.7,0.6000000000000001,positive,Glassdoor,,,,,,,,,,,,Productivity Pressure and Monitoring,good sticks rules completing targets otherwise get warning good easy work enviorment,Contract & Temporary Workers
3.0,2025-05-28T00:00:00.000Z,1.0,REGULAR,"Current employee, less than 1 year",False,False,POSITIVE,APPROVE,POSITIVE,5.0,5.0,5.0,5.0,Good experience,"Bolton, ON",Warehouse Associate,,"help to grow , good pay ,","limited opportunities for advancement,No clear path for promotion",5.0,5.0,5.0,good experience,,help grow good pay,limited opportunities advancementno clear path promotion,0.7,0.6000000000000001,positive,Glassdoor,,,,,,,,,,,,Pay Adequacy vs Overtime Dependency,good experience limited opportunities advancementno clear path promotion help grow good pay,Full-Time Warehouse Associates
4.0,2025-05-26T00:00:00.000Z,2.0,PART_TIME,Current employees,False,False,POSITIVE,APPROVE,POSITIVE,2.0,2.0,3.0,2.0,Dhdh,"Swedesboro, NJ",Employee,,"Plenty of work
Meet new people","Tough on the body
Labor intensive",2.0,2.0,3.0,dhdh,,plenty work meet new people,tough body labor intensive,0.0,0.0,neutral,Glassdoor,,,,,,,,,,,,Physical Strain and Exhaustion,dhdh tough body labor intensive plenty work meet new people,Part-Time Warehouse Associates
5.0,2025-05-23T00:00:00.000Z,0.0,REGULAR,Current employee,False,False,,,,0.0,0.0,4.0,0.0,Good Pay rate,"Whitby, ON",Fulfillment Associate,,"Good Holiday pay 
Additional benefits for permanent employees",Not hiring permanent employees directly,0.0,0.0,0.0,good pay rate,,good holiday pay additional benefits permanent employees,hiring permanent employees directly,0.7,0.6000000000000001,positive,Glassdoor,,,,,,,,,,,,"Productivity Pressure and Monitoring, Pay Adequacy vs Overtime Dependency",good pay rate hiring permanent employees directly good holiday pay additional benefits permanent employees,Full-Time Warehouse Associates
6.0,2025-05-18T00:00:00.000Z,2.0,REGULAR,Former employees,False,False,,,,3.0,3.0,3.0,3.0,worst American sweat shop,"Kenosha, WI",Warehouse Associate,,"Nice people, Great pay and benefits.",management does not care about its employees. hours are way to long.,4.0,2.0,3.0,worst american sweat shop,,nice people great pay benefits,management care employees hours way long,-0.5,0.5,negative,Glassdoor,,,,,,,,,,,,Pay Adequacy vs Overtime Dependency,worst american sweat shop management care employees hours way long nice people great pay benefits,Full-Time Warehouse Associates
7.0,2025-05-17T00:00:00.000Z,4.0,REGULAR,Current employees,False,False,NEGATIVE,NO_OPINION,NEGATIVE,4.0,4.0,4.0,3.0,warehouse,"Oklahoma City, OK",Associate,should have physical strength,"learn lift trucks, pallet jack, flex schedule/ Shifts","fast paced working environment, weight lifting",5.0,5.0,4.0,warehouse,physical strength,learn lift trucks pallet jack flex schedule shifts,fast paced working environment weight lifting,0.0,0.0,neutral,Glassdoor,,,,,,,,,,,,,warehouse fast paced working environment weight lifting learn lift trucks pallet jack flex schedule shifts,Full-Time Warehouse Associates
8.0,2025-05-15T00:00:00.000Z,0.0,REGULAR,Current employee,False,False,,,,2.0,4.0,2.0,1.0,less than ideal,,,no,decent work that wasnt too miserable,people in charge wasnt very good,3.0,2.0,4.0,less ideal,,decent work wasnt miserable,people charge wasnt good,0.3666666666666667,0.5333333333333333,positive,Glassdoor,,,,,,,,,,,,,less ideal people charge wasnt good decent work wasnt miserable,Full-Time Warehouse Associates
9.0,2025-05-14T00:00:00.000Z,1.0,REGULAR,"Former employee, less than 1 year",False,False,,,,0.0,0.0,3.0,0.0,Amazon,"Clarksville, TN",Fulfillment Associate,Get better,"Good pay, not too long hours",Management absolutely is terrible at communicating,4.0,0.0,3.0,amazon,get better,good pay long hours,management absolutely terrible communicating,0.0,0.0,neutral,Glassdoor,,,,,,,,,,,,Pay Adequacy vs Overtime Dependency,amazon management absolutely terrible communicating good pay long hours,Full-Time Warehouse Associates
10.0,2025-05-14T00:00:00.000Z,1.0,,"Former employee, less than 1 year",False,False,,,,0.0,0.0,2.0,0.0,Keep Going keep trying,"Appleton, WI",Warehouse Worker,,Workout and regularly routine habit,"More work life,  less sleep .",0.0,0.0,0.0,keep going keep trying,,workout regularly routine habit,work life less sleep,0.0,0.0,neutral,Glassdoor,,,,,,,,,,,,,keep going keep trying work life less sleep workout regularly routine habit,Other
11.0,2025-05-13T00:00:00.000Z,4.0,REGULAR,Former employees,False,False,POSITIVE,APPROVE,POSITIVE,5.0,5.0,5.0,5.0,Amazon Fulfillment Center BDL2,"Windsor, CT",Picker/Packer,Appreciation for employees,"Tuition reimbursement 
Schedule flexibility 
Benefits
Salary
Overtime opportunities","Standing +10 hours
Noise
Safety hazards 
Overworking
Get write ups for not meeting their rate expectations",5.0,4.0,4.0,amazon fulfillment center bdl2,appreciation employees,tuition reimbursement schedule flexibility benefits salary overtime opportunities,standing 10 hours noise safety hazards overworking get write ups meeting rate expectations,-0.1,0.1,neutral,Glassdoor,,,,,,,,,,,,"Productivity Pressure and Monitoring, Pay Adequacy vs Overtime Dependency",amazon fulfillment center bdl2 standing 10 hours noise safety hazards overworking get write ups meeting rate expectations tuition reimbursement schedule flexibility benefits salary overtime opportunities,Full-Time Warehouse Associates
12.0,2025-05-07T00:00:00.000Z,0.0,REGULAR,Current employee,False,False,,,,0.0,0.0,3.0,0.0,pro/cons,"Sparrows Point, MD",WHSS,,The benefits are great and start immediately,The workplace culture is bad,0.0,0.0,0.0,procons,,benefits great start immediately,workplace culture bad,0.0,0.0,neutral,Glassdoor,,,,,,,,,,,,,procons workplace culture bad benefits great start immediately,Full-Time Warehouse Associates
13.0,2025-05-04T00:00:00.000Z,0.0,REGULAR,Former employee,False,False,,,,0.0,0.0,5.0,0.0,warehouse associate,"Ajax, ON",Warehouse Associate,,"good pay
stress-free
hard working","night-shift
overtime
no cons at all",0.0,0.0,0.0,warehouse associate,,good pay stressfree hard working,nightshift overtime cons,0.0,0.0,neutral,Glassdoor,,,,,,,,,,,,Pay Adequacy vs Overtime Dependency,warehouse associate nightshift overtime cons good pay stressfree hard working,Full-Time Warehouse Associates
14.0,2025-05-04T00:00:00.000Z,2.0,REGULAR,Current employees,False,False,,,,0.0,0.0,3.0,0.0,Not the worst,"Louisville, TN",FC Associate I,,"4 day weeks, good benefits. OT usually available",Its a physical job so prepare to be tired.,0.0,0.0,0.0,worst,,4 day weeks good benefits ot usually available,physical job prepare tired,-1.0,1.0,negative,Glassdoor,,,,,,,,,,,,Physical Strain and Exhaustion,worst physical job prepare tired 4 day weeks good benefits ot usually available,Full-Time Warehouse Associates
15.0,2025-04-27T00:00:00.000Z,1.0,REGULAR,"Former employee, less than 1 year",False,False,,,POSITIVE,0.0,0.0,4.0,1.0,One full year of employment,"Suffolk, VA",Shipping and Receiving,,A good reference for previous work.,No cons to my knowledge.,0.0,0.0,0.0,one full year employment,,good reference previous work,cons knowledge,0.35,0.55,positive,Glassdoor,,,,,,,,,,,,,one full year employment cons knowledge good reference previous work,Full-Time Warehouse Associates
16.0,2025-04-24T00:00:00.000Z,1.0,REGULAR,"Former employee, less than 1 year",False,False,NEGATIVE,DISAPPROVE,NEGATIVE,1.0,1.0,2.0,3.0,worst experience ever,"Hamilton, ON",Order Picker,"lose the hiring bias, you know what I mean",most of the people were great,"fired without notification, one day my badge just didnt work, wasting my time and my bus fare",3.0,1.0,3.0,worst experience ever,lose hiring bias know mean,people great,fired without notification one day badge didnt work wasting time bus fare,-1.0,1.0,negative,Glassdoor,,,,,,,,,,,,,worst experience ever fired without notification one day badge didnt work wasting time bus fare people great,Full-Time Warehouse Associates
17.0,2025-04-24T00:00:00.000Z,1.0,PART_TIME,"Former employee, less than 1 year",False,False,,,,5.0,0.0,5.0,0.0,Amazing expirience,,Project Management Intern,,"Quality work
Lot to learn","No contract extenscion
Hard to find anything in Amazon again",4.0,0.0,5.0,amazing expirience,,quality work lot learn,contract extenscion hard find anything amazon,0.6000000000000001,0.9,positive,Glassdoor,,,,,,,,,,,,,amazing expirience contract extenscion hard find anything amazon quality work lot learn,Management & Specialized Roles
18.0,2025-04-23T00:00:00.000Z,2.0,REGULAR,Current employees,False,False,POSITIVE,APPROVE,POSITIVE,5.0,5.0,3.0,3.0,Good environment,"Ottawa, ON",Associate,,nice to start for students,not for long term job,5.0,5.0,5.0,good environment,,nice start students,long term job,0.7,0.6000000000000001,positive,Glassdoor,,,,,,,,,,,,,good environment long term job nice start students,Full-Time Warehouse Associates
19.0,2025-04-21T00:00:00.000Z,0.0,PART_TIME,Current employee,False,False,,,,0.0,0.0,4.0,0.0,Good place,"Durham, NC",Warehouse Associate,,flexible schedule if you are felx,work can feel repetitive and boring,0.0,0.0,0.0,good place,,flexible schedule felx,work feel repetitive boring,0.7,0.6000000000000001,positive,Glassdoor,,,,,,,,,,,,Monotony and Isolation,good place work feel repetitive boring flexible schedule felx,Part-Time Warehouse Associates
20.0,2025-04-19T00:00:00.000Z,2.0,REGULAR,Current employees,False,False,NEUTRAL,NO_OPINION,POSITIVE,5.0,5.0,4.0,5.0,Great,"Reno, NV",Production,,"Nice place to work
Nice hours for night shift 6:30pm-5am
UPT PTO and Vacation",There is favoritism- like any other job.,4.0,5.0,5.0,great,,nice place work nice hours night shift 630pm5am upt pto vacation,favoritism like job,0.8,0.75,positive,Glassdoor,,,,,,,,,,,,Favoritism and Management Fairness,great favoritism like job nice place work nice hours night shift 630pm5am upt pto vacation,Management & Specialized Roles
21.0,2025-04-16T00:00:00.000Z,2.0,REGULAR,Former employees,False,False,NEGATIVE,NO_OPINION,NEGATIVE,3.0,4.0,3.0,1.0,Okay for the most part,"Chicago, IL",Driver,Get better with scheduling,During peak season good pay and great hours,When peak season over it leave you struggling,3.0,4.0,2.0,okay part,get better scheduling,peak season good pay great hours,peak season leave struggling,0.5,0.5,positive,Glassdoor,,,,,,,,,,,,Pay Adequacy vs Overtime Dependency,okay part peak season leave struggling peak season good pay great hours,Management & Specialized Roles
22.0,2025-04-15T00:00:00.000Z,4.0,REGULAR,Current employees,False,False,,,NEGATIVE,5.0,5.0,4.0,2.0,good company to work,"Cambridge, ON",Process Assistant,,Good pay for a process assistant.,"bit stressful, to be honest, as we have a tight workload in our station.",4.0,3.0,4.0,good company work,,good pay process assistant,bit stressful honest tight workload station,0.7,0.6000000000000001,positive,Glassdoor,,,,,,,,,,,,Pay Adequacy vs Overtime Dependency,good company work bit stressful honest tight workload station good pay process assistant,Management & Specialized Roles
23.0,2025-04-11T00:00:00.000Z,1.0,REGULAR,"Former employee, less than 1 year",False,False,NEGATIVE,DISAPPROVE,NEGATIVE,1.0,1.0,1.0,1.0,Behandlung von Mitarbeitern,Winsen (Luhe),Area Manager,"Das Management gibt vor, sich um Sie zu kümmern und Sie kennen zu lernen und Ihnen zu helfen. In Wirklichkeit geht es aber darum, Sie auszubeuten und in der Schwebe zu halten.","Die Bezahlung und die berufliche Entwicklung, die man durch die Begegnung mit vielen Menschen und das Erlernen neuer Prozesse erfährt.","In dieser FC werden Mitarbeiter und Neueinstellungen wie Nummern behandelt, und sie versuchen, dich loszuwerden, wenn du ihren toxischen Standards nicht mit den niedrigsten Manieren gerecht wirst.",4.0,1.0,2.0,behandlung von mitarbeitern,das management gibt vor sich um sie zu kümmern und sie kennen zu lernen und ihnen zu helfen wirklichkeit geht es aber darum sie auszubeuten und der schwebe zu halten,die bezahlung und die berufliche entwicklung die man durch die begegnung mit vielen menschen und das erlernen neuer prozesse erfährt,dieser fc werden mitarbeiter und neueinstellungen wie nummern behandelt und sie versuchen dich loszuwerden wenn du ihren toxischen standards nicht mit den niedrigsten manieren gerecht wirst,0.0,0.0,neutral,Glassdoor,,,,,,,,,,,,,behandlung von mitarbeitern dieser fc werden mitarbeiter und neueinstellungen wie nummern behandelt und sie versuchen dich loszuwerden wenn du ihren toxischen standards nicht mit den niedrigsten manieren gerecht wirst die bezahlung und die berufliche entwicklung die man durch die begegnung mit vielen menschen und das erlernen neuer prozesse erfährt,Management & Specialized Roles
24.0,2025-04-09T00:00:00.000Z,2.0,REGULAR,Former employees,False,False,POSITIVE,APPROVE,POSITIVE,5.0,5.0,4.0,4.0,Good Benefits and Management,"Barrhaven, ON",Fulfillment Associate,,"Wage increase 3, 6, 12 month and so on.

Great Full-time benefits 

Work Perks and Discount through Venngo",Warehouse (repetitive work and corporation like layout) dull.. but great people and management,5.0,4.0,4.0,good benefits management,,wage increase 3 6 12 month great fulltime benefits work perks discount venngo,warehouse repetitive work corporation like layout dull great people management,0.7,0.6000000000000001,positive,Glassdoor,,,,,,,,,,,,"Pay Adequacy vs Overtime Dependency, Monotony and Isolation",good benefits management warehouse repetitive work corporation like layout dull great people management wage increase 3 6 12 month great fulltime benefits work perks discount venngo,Full-Time Warehouse Associates
25.0,2025-04-08T00:00:00.000Z,2.0,REGULAR,Current employees,False,False,,,,4.0,2.0,4.0,3.0,Its pretty good at working at Amazon,"Hamilton, ON",Associate,,Good wages as a Warehouse associate,working environment gets a little bit noisy,5.0,5.0,3.0,pretty good working amazon,,good wages warehouse associate,working environment gets little bit noisy,0.475,0.8,positive,Glassdoor,,,,,,,,,,,,Pay Adequacy vs Overtime Dependency,pretty good working amazon working environment gets little bit noisy good wages warehouse associate,Full-Time Warehouse Associates
26.0,2025-04-02T00:00:00.000Z,1.0,REGULAR,"Current employee, less than 1 year",False,False,NEGATIVE,DISAPPROVE,NEGATIVE,1.0,1.0,1.0,1.0,Avoid working here at all cost,"Saint Peters, MO",Picker,,"Always hours available, anytime pay","Long hours, minimal light, will write you up for bathroom breaks, mandatory overtime with little to no heads up. This place drains you emotionally and physically.",1.0,1.0,1.0,avoid working cost,,always hours available anytime pay,long hours minimal light write bathroom breaks mandatory overtime little heads place drains emotionally physically,0.0,0.0,neutral,Glassdoor,,,,,,,,,,,,"Physical Strain and Exhaustion, Productivity Pressure and Monitoring, Pay Adequacy vs Overtime Dependency",avoid working cost long hours minimal light write bathroom breaks mandatory overtime little heads place drains emotionally physically always hours available anytime pay,Full-Time Warehouse Associates
27.0,2025-04-01T00:00:00.000Z,0.0,PART_TIME,Current employee,False,False,,,,0.0,0.0,4.0,0.0,Ok,"Corona, CA",Warehouse,,Easy starter job to work at,Can be fast paced and employment depends on management,0.0,0.0,0.0,ok,,easy starter job work,fast paced employment depends management,0.5,0.5,positive,Glassdoor,,,,,,,,,,,,,ok fast paced employment depends management easy starter job work,Part-Time Warehouse Associates
28.0,2025-03-31T00:00:00.000Z,0.0,REGULAR,Current employee,False,False,,,,3.0,3.0,3.0,5.0,Amazon Fulfillment Center,Illescas,Mozo de almac%C3%A9n,,"Seguridad, compañerismo, comodidad, rotativos, adaptabilidad","Trabajo cansado, fines de semana, no posibilidad de cobrar más",3.0,3.0,2.0,amazon fulfillment center,,seguridad compañerismo comodidad rotativos adaptabilidad,trabajo cansado fines de semana posibilidad de cobrar más,-0.1,0.1,neutral,Glassdoor,,,,,,,,,,,,,amazon fulfillment center trabajo cansado fines de semana posibilidad de cobrar más seguridad compañerismo comodidad rotativos adaptabilidad,Full-Time Warehouse Associates
29.0,2025-03-31T00:00:00.000Z,0.0,REGULAR,Former employee,False,False,,,,0.0,0.0,4.0,0.0,fun,"San Bernardino, CA",Inbound Stower,,benefits and not bad pay,no cons it was easy work people just complain,0.0,0.0,0.0,fun,,benefits bad pay,cons easy work people complain,0.3,0.2,positive,Glassdoor,,,,,,,,,,,,Pay Adequacy vs Overtime Dependency,fun cons easy work people complain benefits bad pay,Full-Time Warehouse Associates
30.0,2025-03-31T00:00:00.000Z,1.0,REGULAR,"Current employee, less than 1 year",False,False,,,,0.0,0.0,5.0,0.0,Fulfillment Center,"Aurora, CO",Warehouse Associate,,"Flexible Schedule
4 day/10 hour shifts
Low Stress Environment
Frequent Overtime Opportunity","Monotonous Work
Not Particularly Rewarding Work
Work Can Become Slow from January to May",0.0,0.0,0.0,fulfillment center,,flexible schedule 4 day10 hour shifts low stress environment frequent overtime opportunity,monotonous work particularly rewarding work work become slow january may,-0.1,0.1,neutral,Glassdoor,,,,,,,,,,,,"Pay Adequacy vs Overtime Dependency, Monotony and Isolation",fulfillment center monotonous work particularly rewarding work work become slow january may flexible schedule 4 day10 hour shifts low stress environment frequent overtime opportunity,Full-Time Warehouse Associates
31.0,2025-03-31T00:00:00.000Z,0.0,,Former employee,False,False,,,,0.0,0.0,4.0,0.0,Buen trabajo,Coslada,Mozo De Almacen,,"Buen sueldo, ambiente laboral agradable, respeto por las normas de seguridad","Descanso muy corto, muchos jefes por lo que las ordenes pueden variar de uno a otro y puede confundir al empleado.",0.0,0.0,0.0,buen trabajo,,buen sueldo ambiente laboral agradable respeto por las normas de seguridad,descanso muy corto muchos jefes por lo que las ordenes pueden variar de uno otro puede confundir al empleado,0.0,0.0,neutral,Glassdoor,,,,,,,,,,,,,buen trabajo descanso muy corto muchos jefes por lo que las ordenes pueden variar de uno otro puede confundir al empleado buen sueldo ambiente laboral agradable respeto por las normas de seguridad,Other
32.0,2025-03-27T00:00:00.000Z,2.0,REGULAR,Current employees,False,False,NEGATIVE,APPROVE,NEGATIVE,3.0,4.0,3.0,3.0,Amazon Warehouse Associate,"Ottawa, ON",Process Associate,"Try to focus more on employee engagement and break the barriers of community, race or personal biases
Give opportunities to employees to grow rather than nurturing a neo slavery attitude
There are many associates who are skilled and experienced but working in warehouse due to personal situation. Leadership should give them opportunity to optimize their skills and experience rather than taking their advantage and utilizing them for only labor works.","Best in class work environment
Experience working in robotic environment
Competitive work benefits and accommodations","Too much physical work with not much of Job security
Pressure for target work negatively impact physical and mental health
Biased leadership - does not justify experience skills or ability but personal connections and nepotism works more for training promotion and preferred job roles",3.0,2.0,3.0,amazon warehouse associate,try focus employee engagement break barriers community race personal biases give opportunities employees grow rather nurturing neo slavery attitude many associates skilled experienced working warehouse due personal situation leadership give opportunity optimize skills experience rather taking advantage utilizing labor works,best class work environment experience working robotic environment competitive work benefits accommodations,much physical work much job security pressure target work negatively impact physical mental health biased leadership justify experience skills ability personal connections nepotism works training promotion preferred job roles,0.0,0.0,neutral,Glassdoor,,,,,,,,,,,,"Physical Strain and Exhaustion, Productivity Pressure and Monitoring, Favoritism and Management Fairness",amazon warehouse associate much physical work much job security pressure target work negatively impact physical mental health biased leadership justify experience skills ability personal connections nepotism works training promotion preferred job roles best class work environment experience working robotic environment competitive work benefits accommodations,Full-Time Warehouse Associates
33.0,2025-03-26T00:00:00.000Z,1.0,REGULAR,"Former employee, less than 1 year",False,False,NEUTRAL,APPROVE,POSITIVE,0.0,0.0,4.0,0.0,Hard work but decent pay,"Edgemere, MD",Order Picker,,"Good benefits, decent time off opportunities. Automatic hire without an interview.",Management will move you around the building a lot. I was a top performer in order picking and was moved to pack nearly every day.,0.0,0.0,0.0,hard work decent pay,,good benefits decent time opportunities automatic hire without interview,management move around building lot top performer order picking moved pack nearly every day,-0.0625,0.6041666666666666,neutral,Glassdoor,,,,,,,,,,,,Pay Adequacy vs Overtime Dependency,hard work decent pay management move around building lot top performer order picking moved pack nearly every day good benefits decent time opportunities automatic hire without interview,Full-Time Warehouse Associates
34.0,2025-03-26T00:00:00.000Z,1.0,PART_TIME,"Former employee, less than 1 year",False,False,,,POSITIVE,3.0,4.0,4.0,3.0,amzn,"San Antonio, TX",Fulfullment Associate,,They pay for you if you want to go to college.,it's just a lot of work you have to do,2.0,1.0,3.0,amzn,,pay want go college,lot work,0.0,0.0,neutral,Glassdoor,,,,,,,,,,,,Pay Adequacy vs Overtime Dependency,amzn lot work pay want go college,Part-Time Warehouse Associates
35.0,2025-03-24T00:00:00.000Z,2.0,REGULAR,Current employees,False,False,NEGATIVE,,NEGATIVE,4.0,3.0,3.0,4.0,Salary,"Ajax, ON",Warehouse Associate,,"Good pay and benefits
Good people 
Safety first","Biased management 
Work like robots
No growth/opportunities",4.0,1.0,1.0,salary,,good pay benefits good people safety first,biased management work like robots growthopportunities,0.0,0.0,neutral,Glassdoor,,,,,,,,,,,,"Pay Adequacy vs Overtime Dependency, Favoritism and Management Fairness",salary biased management work like robots growthopportunities good pay benefits good people safety first,Full-Time Warehouse Associates
36.0,2025-03-20T00:00:00.000Z,0.0,REGULAR,Former employee,False,False,,,,0.0,0.0,3.0,0.0,Amazon Warehouse,"Grand Rapids, MI",Warehouse Team Member,,It was close to home,Gloves were not strong enough,0.0,0.0,0.0,amazon warehouse,,close home,gloves strong enough,0.0,0.0,neutral,Glassdoor,,,,,,,,,,,,,amazon warehouse gloves strong enough close home,Full-Time Warehouse Associates
37.0,2025-03-19T00:00:00.000Z,0.0,REGULAR,Current employee,False,False,,,NEGATIVE,2.0,2.0,3.0,1.0,Good experience,"Tracy, CA",,,Good experience for fresh college graduate,very loud noise in Fulfillment center,3.0,1.0,4.0,good experience,,good experience fresh college graduate,loud noise fulfillment center,0.7,0.6000000000000001,positive,Glassdoor,,,,,,,,,,,,,good experience loud noise fulfillment center good experience fresh college graduate,Full-Time Warehouse Associates
38.0,2025-03-19T00:00:00.000Z,1.0,PART_TIME,"Former employee, less than 1 year",False,False,,,,0.0,0.0,4.0,0.0,Good place to work seasonally,"West Jefferson, OH",Associate,,#NAME?,#NAME?,0.0,0.0,0.0,good place work seasonally,,name,name,0.7,0.6000000000000001,positive,Glassdoor,,,,,,,,,,,,,good place work seasonally name name,Part-Time Warehouse Associates
39.0,2025-03-18T00:00:00.000Z,1.0,CONTRACT,"Former employee, less than 1 year",False,False,POSITIVE,APPROVE,POSITIVE,4.0,5.0,5.0,4.0,Inbound Receiving,"Brampton, ON",Warehouse Associate,,"Good work culture and pay also
events for extracurriculam activity",Quiet racist because most employee is belong from one group or race,5.0,5.0,5.0,inbound receiving,,good work culture pay also events extracurriculam activity,quiet racist employee belong one group race,0.0,0.0,neutral,Glassdoor,,,,,,,,,,,,Pay Adequacy vs Overtime Dependency,inbound receiving quiet racist employee belong one group race good work culture pay also events extracurriculam activity,Contract & Temporary Workers
40.0,2025-03-18T00:00:00.000Z,2.0,REGULAR,Current employees,False,False,,,,5.0,5.0,5.0,5.0,Satisfied,"London, ON",Associate,,Work life balance and benefits,Mandatory extra time is required,5.0,5.0,5.0,satisfied,,work life balance benefits,mandatory extra time required,0.5,1.0,positive,Glassdoor,,,,,,,,,,,,Productivity Pressure and Monitoring,satisfied mandatory extra time required work life balance benefits,Full-Time Warehouse Associates
41.0,2025-03-13T00:00:00.000Z,0.0,REGULAR,Former employee,False,False,,,POSITIVE,3.0,2.0,4.0,4.0,Easy money,,AA(Amazon Associate),,The pay and benefits are really good,Toxic work environment and favoritism,5.0,4.0,4.0,easy money,,pay benefits really good,toxic work environment favoritism,0.4333333333333333,0.8333333333333334,positive,Glassdoor,,,,,,,,,,,,"Pay Adequacy vs Overtime Dependency, Favoritism and Management Fairness",easy money toxic work environment favoritism pay benefits really good,Full-Time Warehouse Associates
42.0,2025-03-12T00:00:00.000Z,0.0,PART_TIME,Former employee,False,False,,,,0.0,0.0,4.0,0.0,Good salary and benefits,"Mississauga, ON",Warehouse Worker,,"Attractive pay , Employee Benefits",Contractual basis hiring based on business need,0.0,0.0,0.0,good salary benefits,,attractive pay employee benefits,contractual basis hiring based business need,0.7,0.6000000000000001,positive,Glassdoor,,,,,,,,,,,,Pay Adequacy vs Overtime Dependency,good salary benefits contractual basis hiring based business need attractive pay employee benefits,Part-Time Warehouse Associates
43.0,2025-03-08T00:00:00.000Z,0.0,REGULAR,Current employee,False,False,POSITIVE,APPROVE,POSITIVE,5.0,5.0,4.0,1.0,Muy buena opción de trabajo.,,Mozo De Almacen,Tener coche propio ya que no hay manera de trasladarse en transporte público.,"Muy Buenos beneficios.
Exelente ambiente de trabajo.
Ambiente de trabajo muy seguro.
Posibilidad de hacer carrera dentro de la empresa.","Salario no esta mal, pero se podría mejorar mucho más para el trabajo que se hace allí.
Horarios rotativos (no te permite crear hábitos saludables ya que constantemente estás cambiando tu rutina diaria).
Trabajo fines de semana.
Trabajo muy repetitivo..",3.0,3.0,3.0,muy buena opción de trabajo,tener coche propio ya que hay manera de trasladarse en transporte público,muy buenos beneficios exelente ambiente de trabajo ambiente de trabajo muy seguro posibilidad de hacer carrera dentro de la empresa,salario esta mal pero se podría mejorar mucho más para el trabajo que se hace allí horarios rotativos te permite crear hábitos saludables ya que constantemente estás cambiando tu rutina diaria trabajo fines de semana trabajo muy repetitivo,0.0,0.0,neutral,Glassdoor,,,,,,,,,,,,,muy buena opción de trabajo salario esta mal pero se podría mejorar mucho más para el trabajo que se hace allí horarios rotativos te permite crear hábitos saludables ya que constantemente estás cambiando tu rutina diaria trabajo fines de semana trabajo muy repetitivo muy buenos beneficios exelente ambiente de trabajo ambiente de trabajo muy seguro posibilidad de hacer carrera dentro de la empresa,Full-Time Warehouse Associates
44.0,2025-03-07T00:00:00.000Z,4.0,REGULAR,Former employees,False,False,NEGATIVE,DISAPPROVE,NEGATIVE,1.0,1.0,2.0,1.0,culture terrible,"San Antonio, TX",Pathways Operations Manager,,Pay is comparable for ops,"poor work life balance, lack of leadership, very stressful job. No clear way for promotion or anyone to help you get there.",4.0,1.0,3.0,culture terrible,,pay comparable ops,poor work life balance lack leadership stressful job clear way promotion anyone help get,-1.0,1.0,negative,Glassdoor,,,,,,,,,,,,Pay Adequacy vs Overtime Dependency,culture terrible poor work life balance lack leadership stressful job clear way promotion anyone help get pay comparable ops,Management & Specialized Roles
45.0,2025-03-05T00:00:00.000Z,0.0,REGULAR,Current employee,False,False,,,,0.0,0.0,4.0,0.0,Easy work,"Bolton, ON",Warehouse Associate,,"Career Choice program is a great way to start new career.
Good benefits",Co-workers speak in non English to each other infront of you.,0.0,0.0,0.0,easy work,,career choice program great way start new career good benefits,coworkers speak non english infront,0.4333333333333333,0.8333333333333334,positive,Glassdoor,,,,,,,,,,,,,easy work coworkers speak non english infront career choice program great way start new career good benefits,Full-Time Warehouse Associates
46.0,2025-03-03T00:00:00.000Z,0.0,PART_TIME,Current employee,False,False,,,,0.0,0.0,5.0,0.0,Cool place to work,"Waukegan, IL",FC Associate,,Room to excel in your position,Extra shifts are never available,0.0,0.0,0.0,cool place work,,room excel position,extra shifts never available,0.35,0.65,positive,Glassdoor,,,,,,,,,,,,,cool place work extra shifts never available room excel position,Part-Time Warehouse Associates
47.0,2025-03-03T00:00:00.000Z,2.0,PART_TIME,Current employees,False,False,,,,4.0,4.0,5.0,5.0,Not bad,"Kent, WA",Flex Associate,,Choose own hours and the work is not bad once you get use to it,Could be moved around a lot depending on different departments and sometimes hard to find shifts that you want to work in,4.0,5.0,4.0,bad,,choose hours work bad get use,could moved around lot depending different departments sometimes hard find shifts want work,-0.6999999999999998,0.6666666666666666,negative,Glassdoor,,,,,,,,,,,,,bad could moved around lot depending different departments sometimes hard find shifts want work choose hours work bad get use,Part-Time Warehouse Associates
48.0,2025-03-03T00:00:00.000Z,2.0,REGULAR,Current employees,False,False,NEUTRAL,APPROVE,POSITIVE,5.0,5.0,3.0,2.0,"Review of Fulfillment Centre at St. Thomas, ON",,FC Associate I,"- Provide everyone equal chance
- Make All managers more responsible towards all associates bcz sometimes associates don't know the actual information of them when they ask help from managers and what they say to HR or Safety team
- Hiring of positions specially PA(Process Assistant) and Learning needs to be evaluated based on your ground level performance not based on connections (if your relatives who are in higher position get  hired in PA / Learning ) 
- Safety team needs to be more responsible bcz mostly they don't took actions against managers who needs more productivity to get promoted so that Associates are presurised to maintain those productivity and compromise safety which ultimately creates critical health issues for associates
- Some associates got less work or promoted or learn new skills compared to others as they are favourite of Managers or relatives. Plz stop this to be fair with everyone","Pay and Benefits they provide like maternity, accommodation, insurance","Work-life balance, Continuous work without sitting, almost all location with no public transportation, lack of chance in promotion and new skills as they show they are giving fair chance to everyone but it's not true at ground level. The people of certain community especially punjabi's got promotions at HR, PA and Manager level. Lack of support from HR as they are not giving proper information when you actually need. Safety at ground level is compromised by managers bcz they want more productivity to get promotion. The people who always praised their managers got extra-benefits on work and able to learn new skills than other hard-working associates",5.0,3.0,3.0,review fulfillment centre st thomas,provide everyone equal chance make managers responsible towards associates bcz sometimes associates dont know actual information ask help managers say hr safety team hiring positions specially paprocess assistant learning needs evaluated based ground level performance based connections relatives higher position get hired pa learning safety team needs responsible bcz mostly dont took actions managers needs productivity get promoted associates presurised maintain productivity compromise safety ultimately creates critical health issues associates associates got less work promoted learn new skills compared others favourite managers relatives plz stop fair everyone,pay benefits provide like maternity accommodation insurance,worklife balance continuous work without sitting almost location public transportation lack chance promotion new skills show giving fair chance everyone true ground level people certain community especially punjabis got promotions hr pa manager level lack support hr giving proper information actually need safety ground level compromised managers bcz want productivity get promotion people always praised managers got extrabenefits work able learn new skills hardworking associates,0.0,0.0,neutral,Glassdoor,,,,,,,,,,,,Pay Adequacy vs Overtime Dependency,review fulfillment centre st thomas worklife balance continuous work without sitting almost location public transportation lack chance promotion new skills show giving fair chance everyone true ground level people certain community especially punjabis got promotions hr pa manager level lack support hr giving proper information actually need safety ground level compromised managers bcz want productivity get promotion people always praised managers got extrabenefits work able learn new skills hardworking associates pay benefits provide like maternity accommodation insurance,Full-Time Warehouse Associates
49.0,2025-03-02T00:00:00.000Z,2.0,REGULAR,Former employees,False,False,NEUTRAL,NO_OPINION,NEGATIVE,1.0,3.0,3.0,5.0,Too monotonous for me.,"Bessemer, AL",Inbound Stower,"I understood the safety risk thing but the rule against having SOMETHING to distract you from the noise in your head for 10-11 hrs day after day when you're someone like me was kinda rough. Almost torturous. Just let people listen to music, man. lol",I got plenty of time off for mental stuff when I needed it when other places would have fired me,Then again.. this company might've contributed alot to why I needed so much time off lmao,4.0,1.0,1.0,monotonous,understood safety risk thing rule something distract noise head 1011 hrs day day youre someone like kinda rough almost torturous let people listen music man lol,got plenty time mental stuff needed places would fired,company mightve contributed alot needed much time lmao,0.0,0.0,neutral,Glassdoor,,,,,,,,,,,,Monotony and Isolation,monotonous company mightve contributed alot needed much time lmao got plenty time mental stuff needed places would fired,Full-Time Warehouse Associates
50.0,2025-03-01T00:00:00.000Z,4.0,PART_TIME,Current employees,False,False,,,,0.0,0.0,5.0,0.0,It was alright.,"Hawthorne, CA",Warehouse Associate,,Great experience because I got to see the warehouse built from ground up.,Became repetitive at some point.,0.0,0.0,0.0,alright,,great experience got see warehouse built ground,became repetitive point,0.0,0.0,neutral,Glassdoor,,,,,,,,,,,,Monotony and Isolation,alright became repetitive point great experience got see warehouse built ground,Part-Time Warehouse Associates
51.0,2025-03-01T00:00:00.000Z,6.0,REGULAR,Current employees,False,False,,,NEGATIVE,1.0,1.0,1.0,4.0,Workplace toxicity and favoritism,Sydney,IT Support Engineer,Apply practices that you preach and ensure it is followed by all and not just by the employees in the lower tier of the Organization's hierarchy. Train the Leaders and make sure they are doing due deligence for their role. Training future leaders won't make a bigger impact if the current leaders are exercising bias and have toxic traits while moving up the ladder.,A bit of learning if you are at the right place and the right team or assigned the right team member as a mentor.,"Don't bother joining IT though, there are no financial perks in it since they don't have casual/contract roles. The contract is cleverly worded to get you to work on weekends/night shifts without offering weekend/night shift allowances. No on-call pay either but they do reimburse *mobile bills*.
I have seen this culture in all departments and more so in IT.
Excessive flattery towards leadership, playing office politics, Seeking favoritism from leadership, appeasing leadership for personal gain, unhealthy admiration of authority, prioritizing leadership approval over team collaboration, performing for leadership rather than contributing meaningfully, Dysfunctional work environment, Hostile workplace dynamics, Unhealthy team culture, Negative organizational climate, Counterproductive work atmosphere, Culture of fear and favoritism, Lack of psychological safety in the workplace, Unprofessional and unsupportive work environment, Workplace toxicity and favoritism.",1.0,1.0,2.0,workplace toxicity favoritism,apply practices preach ensure followed employees lower tier organizations hierarchy train leaders make sure due deligence role training future leaders wont make bigger impact current leaders exercising bias toxic traits moving ladder,bit learning right place right team assigned right team member mentor,dont bother joining though financial perks since dont casualcontract roles contract cleverly worded get work weekendsnight shifts without offering weekendnight shift allowances oncall pay either reimburse mobile bills seen culture departments excessive flattery towards leadership playing office politics seeking favoritism leadership appeasing leadership personal gain unhealthy admiration authority prioritizing leadership approval team collaboration performing leadership rather contributing meaningfully dysfunctional work environment hostile workplace dynamics unhealthy team culture negative organizational climate counterproductive work atmosphere culture fear favoritism lack psychological safety workplace unprofessional unsupportive work environment workplace toxicity favoritism,0.0,0.0,neutral,Glassdoor,,,,,,,,,,,,"Pay Adequacy vs Overtime Dependency, Favoritism and Management Fairness",workplace toxicity favoritism dont bother joining though financial perks since dont casualcontract roles contract cleverly worded get work weekendsnight shifts without offering weekendnight shift allowances oncall pay either reimburse mobile bills seen culture departments excessive flattery towards leadership playing office politics seeking favoritism leadership appeasing leadership personal gain unhealthy admiration authority prioritizing leadership approval team collaboration performing leadership rather contributing meaningfully dysfunctional work environment hostile workplace dynamics unhealthy team culture negative organizational climate counterproductive work atmosphere culture fear favoritism lack psychological safety workplace unprofessional unsupportive work environment workplace toxicity favoritism bit learning right place right team assigned right team member mentor,Management & Specialized Roles
52.0,2025-03-01T00:00:00.000Z,2.0,REGULAR,Former employees,False,False,POSITIVE,APPROVE,POSITIVE,5.0,5.0,4.0,4.0,Pros and cons,"Whitestown, IN",Warehouse Associate,Better pay hire on opportunity insurance for employees,Good place to work for lots of hours and keep you busy no down time .,Cons low pay no insurance temp service position,1.0,5.0,1.0,pros cons,better pay hire opportunity insurance employees,good place work lots hours keep busy time,cons low pay insurance temp service position,0.0,0.0,neutral,Glassdoor,,,,,,,,,,,,Pay Adequacy vs Overtime Dependency,pros cons cons low pay insurance temp service position good place work lots hours keep busy time,Full-Time Warehouse Associates
53.0,2025-02-27T00:00:00.000Z,4.0,REGULAR,Former employees,False,False,,DISAPPROVE,NEGATIVE,1.0,1.0,1.0,1.0,Promote Based On Results Not Being a ‘Yes Man’,,Operations Manager,"Value honesty and ethics, treat people better and promote based on results only not politics. Set regional records but unable to get promoted since I wouldn’t lie about an HR situation(s) that AGM was apart of. So shady!","Stocks given as bonuses, but they take 3-4 years to fully vest so can be a negative.","The expectation is to work 7 days per week and always be available via phone. Even if you work 12 hours more is expected once you’re home. 
Upper management promotions should be based on achievements and how your team response to you, not being a ‘yes man’ The last GM/AGM were extremely unethical and only promoted people who would lie for them and they also fudged numbers",2.0,1.0,1.0,promote based results ‘yes man,value honesty ethics treat people better promote based results politics set regional records unable get promoted since wouldnt lie hr situations agm apart shady,stocks given bonuses take 34 years fully vest negative,expectation work 7 days per week always available via phone even work 12 hours expected youre home upper management promotions based achievements team response ‘yes man last gmagm extremely unethical promoted people would lie also fudged numbers,0.0,0.0,neutral,Glassdoor,,,,,,,,,,,,,promote based results ‘yes man expectation work 7 days per week always available via phone even work 12 hours expected youre home upper management promotions based achievements team response ‘yes man last gmagm extremely unethical promoted people would lie also fudged numbers stocks given bonuses take 34 years fully vest negative,Management & Specialized Roles
54.0,2025-02-26T00:00:00.000Z,0.0,REGULAR,Former employee,False,False,,,,0.0,0.0,3.0,0.0,Monotonous,"Dallas, TX",Inbound Stower,,"Easy job, and can move up if desired","physically demanding
only care about rates",0.0,0.0,0.0,monotonous,,easy job move desired,physically demanding care rates,0.0,0.0,neutral,Glassdoor,,,,,,,,,,,,"Physical Strain and Exhaustion, Productivity Pressure and Monitoring, Monotony and Isolation",monotonous physically demanding care rates easy job move desired,Full-Time Warehouse Associates
55.0,2025-02-26T00:00:00.000Z,2.0,REGULAR,Current employees,False,False,POSITIVE,APPROVE,POSITIVE,5.0,5.0,5.0,5.0,Fast-paced work with good benefits,"St. Thomas, ON",Inbound Receive Dock,Improve break times and workload balance to reduce fatigue and increase employee retention.,"Competitive pay and benefits
Opportunity for career growth
Fast-paced and active work environment
Team-oriented workplace culture
Training provided, no experience required",Repetitive tasks can be exhausting,5.0,5.0,5.0,fastpaced work good benefits,improve break times workload balance reduce fatigue increase employee retention,competitive pay benefits opportunity career growth fastpaced active work environment teamoriented workplace culture training provided experience required,repetitive tasks exhausting,0.7,0.6000000000000001,positive,Glassdoor,,,,,,,,,,,,"Physical Strain and Exhaustion, Pay Adequacy vs Overtime Dependency, Monotony and Isolation",fastpaced work good benefits repetitive tasks exhausting competitive pay benefits opportunity career growth fastpaced active work environment teamoriented workplace culture training provided experience required,Full-Time Warehouse Associates
56.0,2025-02-25T00:00:00.000Z,0.0,REGULAR,Former employee,False,False,,,,0.0,0.0,3.0,0.0,Meh,"Illiopolis, IL",Operations Manager,,insane scope and opportunities- perks of being a part of huge company,untalented people in Sr positions that have gone far playing politics. Hard to advance if you don't have an agreeable personanlity,0.0,0.0,0.0,meh,,insane scope opportunities perks part huge company,untalented people sr positions gone far playing politics hard advance dont agreeable personanlity,0.0,0.0,neutral,Glassdoor,,,,,,,,,,,,Favoritism and Management Fairness,meh untalented people sr positions gone far playing politics hard advance dont agreeable personanlity insane scope opportunities perks part huge company,Management & Specialized Roles
57.0,2025-02-25T00:00:00.000Z,1.0,REGULAR,"Former employee, less than 1 year",False,False,NEUTRAL,NO_OPINION,POSITIVE,4.0,5.0,4.0,2.0,Former Amazon Warehouse employee,"Joliet, IL",Seasonal Warehouse Associate,,"Pay, peak time/bonus pay+hours, chill staff","The labor and the lack of available resources/people for workers requests, troubles with job or app/pay.",5.0,3.0,5.0,former amazon warehouse employee,,pay peak timebonus payhours chill staff,labor lack available resourcespeople workers requests troubles job apppay,0.0,0.0,neutral,Glassdoor,,,,,,,,,,,,Pay Adequacy vs Overtime Dependency,former amazon warehouse employee labor lack available resourcespeople workers requests troubles job apppay pay peak timebonus payhours chill staff,Full-Time Warehouse Associates
58.0,2025-02-25T00:00:00.000Z,2.0,FREELANCE,Former employees,False,False,,,,5.0,5.0,5.0,5.0,Good income,"San Francisco, CA",Seller,,Flexible schedule adjust your time,Too much competition sometimes you gotta lower your prices so much to get more deal but not good profit,5.0,5.0,5.0,good income,,flexible schedule adjust time,much competition sometimes gotta lower prices much get deal good profit,0.7,0.6000000000000001,positive,Glassdoor,,,,,,,,,,,,,good income much competition sometimes gotta lower prices much get deal good profit flexible schedule adjust time,Contract & Temporary Workers
59.0,2025-02-25T00:00:00.000Z,0.0,REGULAR,Current employee,False,False,POSITIVE,APPROVE,POSITIVE,5.0,5.0,5.0,5.0,Best place to work,"Swindon, Wiltshire, South West England, England",AA(Amazon Associate),,"Good working environment
Good pay",Heavy lifting . Sometimes can be stressful,5.0,5.0,5.0,best place work,,good working environment good pay,heavy lifting sometimes stressful,1.0,0.3,positive,Glassdoor,,,,,,,,,,,,"Physical Strain and Exhaustion, Pay Adequacy vs Overtime Dependency",best place work heavy lifting sometimes stressful good working environment good pay,Full-Time Warehouse Associates
60.0,2025-02-21T00:00:00.000Z,0.0,REGULAR,Former employee,False,False,,,,0.0,0.0,3.0,0.0,Picker Pay,"Fort Wayne, IN",Picker,,It is the easiest job I ever had.,They can get rid of you whenever they want.,0.0,0.0,0.0,picker pay,,easiest job ever,get rid whenever want,0.0,0.0,neutral,Glassdoor,,,,,,,,,,,,Pay Adequacy vs Overtime Dependency,picker pay get rid whenever want easiest job ever,Full-Time Warehouse Associates
61.0,2025-02-21T00:00:00.000Z,4.0,REGULAR,Former employees,False,False,,,,5.0,5.0,5.0,4.0,Super expérience,Orléans,HRA,,"Très bonne école
salaires généreux et CB avantageux","demande un investissement personnel important,",5.0,5.0,5.0,super expérience,,très bonne école salaires généreux et cb avantageux,demande un investissement personnel important,0.3333333333333333,0.6666666666666666,positive,Glassdoor,,,,,,,,,,,,,super expérience demande un investissement personnel important très bonne école salaires généreux et cb avantageux,Management & Specialized Roles
62.0,2025-02-19T00:00:00.000Z,1.0,CONTRACT,"Former employee, less than 1 year",False,False,NEGATIVE,,POSITIVE,1.0,2.0,1.0,2.0,Befristet für 4 Monate,"Koblenz, Rhineland-Palatinate",,Ehrliche Security Mitarbeiter anstellen,Angemessen bezahlt und es gibt kein Dresscode bis auf Stahlkappenschuhe Verbot,"Die Security nervt ( ich weiß jemand von denen hat einen Sender ) von dem Magnet Tor wo man rein und raus geht 🤔.... 
Das Tor hat sogar dann gepiepst als ich 0 % Metal an hatte 😪",3.0,3.0,1.0,befristet für 4 monate,ehrliche security mitarbeiter anstellen,angemessen bezahlt und es gibt kein dresscode bis auf stahlkappenschuhe verbot,die security nervt ich weiß jemand von denen hat einen sender von dem magnet tor wo man rein und raus geht 🤔 das tor hat sogar dann gepiepst als ich 0 metal hatte 😪,0.0,0.0,neutral,Glassdoor,,,,,,,,,,,,,befristet für 4 monate die security nervt ich weiß jemand von denen hat einen sender von dem magnet tor wo man rein und raus geht 🤔 das tor hat sogar dann gepiepst als ich 0 metal hatte 😪 angemessen bezahlt und es gibt kein dresscode bis auf stahlkappenschuhe verbot,Contract & Temporary Workers
63.0,2025-02-18T00:00:00.000Z,4.0,REGULAR,Current employees,False,False,NEUTRAL,APPROVE,POSITIVE,3.0,3.0,4.0,4.0,Fulfillment worker,"San Antonio, TX",L1 Associate,,#NAME?,#NAME?,4.0,3.0,4.0,fulfillment worker,,name,name,0.0,0.0,neutral,Glassdoor,,,,,,,,,,,,,fulfillment worker name name,Full-Time Warehouse Associates
64.0,2025-02-18T00:00:00.000Z,9.0,REGULAR,Current employees,False,False,POSITIVE,NO_OPINION,POSITIVE,4.0,3.0,4.0,3.0,Senior Program Manager | Lean Methodologies | Learning &amp; Quality Excellence | Driving Operational Efficiency,"Carrollton, TX",Sr Program Manager,"Trust your team to get the job done, and reward them when they do. ","Growth &amp; Development
Relationships
Innovation
Fun
The Actual Work is Awesome",The cons are the same as they would be at any job.,3.0,3.0,2.0,senior program manager lean methodologies learning quality excellence driving operational efficiency,trust team get job done reward,growth development relationships innovation fun actual work awesome,cons would job,0.0,0.0,neutral,Glassdoor,,,,,,,,,,,,,senior program manager lean methodologies learning quality excellence driving operational efficiency cons would job growth development relationships innovation fun actual work awesome,Management & Specialized Roles
65.0,2025-02-18T00:00:00.000Z,0.0,REGULAR,Current employee,False,False,,,,0.0,0.0,5.0,0.0,Good,"Brampton, ON",Warehouse Associate,,"Good benefits 
Environment
Team work 
Great pay",I don’t think there is any downside,0.0,0.0,0.0,good,,good benefits environment team work great pay,dont think downside,0.7,0.6000000000000001,positive,Glassdoor,,,,,,,,,,,,Pay Adequacy vs Overtime Dependency,good dont think downside good benefits environment team work great pay,Full-Time Warehouse Associates
66.0,2025-02-18T00:00:00.000Z,2.0,REGULAR,Former employees,False,False,POSITIVE,DISAPPROVE,NEGATIVE,1.0,2.0,2.0,1.0,"High Pressure to Perform, Difficult to maintain Safety Standards","San Bernardino, CA",ICQA Associate,"Your HR is so protective you're losing connection with your workers, and you should allow unions so that people feel safe to work for you and build a career.","Needed a job fast, onboarding was fast, skills requirements low, pay was at a local average. It was fun to work at a robotics fulfillment center","Metrics are always a part of their work experience. Day to day optimizations, PAs always coming by to give you feedback can make it seem like all that matters is your numbers. Focus on your numbers and output, focus focus focus. Problem for me was that even though I could do great and kept a high quality, maintaining that speed and quality was really draining, especially at 10 hour shifts in an industrial environment with literally only your 2 (sometimes none) neighbors to talk to to pass the long day of repetitive tasks. That's another thing, the physical and mental aspect of the repetitious task is not just mentally draining, but despite their regular safety meetings, warnings, and signs plastered all over the place, there's so much pressure to increase performance consistently that lots of people are cutting corners just to keep from getting canned. I myself ended up with a repetitive motion injury in my hand due to pulling items out of cubbies and it's basically already covered by their policies so there's nothing to do but grin and bear it. My recommendation? Educate yourself on the safety policies, speak up loudly and frequently in group settings when you feel something isn't safe (to keep leadership accountable) and don't push yourself physically to meet your numbers. It's difficult when you've got bills to pay but not worth your long term mobility and health. Build your skills and find work with another company that respects your body more.",3.0,1.0,3.0,high pressure perform difficult maintain safety standards,hr protective youre losing connection workers allow unions people feel safe work build career,needed job fast onboarding fast skills requirements low pay local average fun work robotics fulfillment center,metrics always part work experience day day optimizations pas always coming give feedback make seem like matters numbers focus numbers output focus focus focus problem even though could great kept high quality maintaining speed quality really draining especially 10 hour shifts industrial environment literally 2 sometimes none neighbors talk pass long day repetitive tasks thats another thing physical mental aspect repetitious task mentally draining despite regular safety meetings warnings signs plastered place theres much pressure increase performance consistently lots people cutting corners keep getting canned ended repetitive motion injury hand due pulling items cubbies basically already covered policies theres nothing grin bear recommendation educate safety policies speak loudly frequently group settings feel something isnt safe keep leadership accountable dont push physically meet numbers difficult youve got bills pay worth long term mobility health build skills find work another company respects body,-0.1699999999999999,0.77,negative,Glassdoor,,,,,,,,,,,,"Physical Strain and Exhaustion, Pay Adequacy vs Overtime Dependency, Monotony and Isolation",high pressure perform difficult maintain safety standards metrics always part work experience day day optimizations pas always coming give feedback make seem like matters numbers focus numbers output focus focus focus problem even though could great kept high quality maintaining speed quality really draining especially 10 hour shifts industrial environment literally 2 sometimes none neighbors talk pass long day repetitive tasks thats another thing physical mental aspect repetitious task mentally draining despite regular safety meetings warnings signs plastered place theres much pressure increase performance consistently lots people cutting corners keep getting canned ended repetitive motion injury hand due pulling items cubbies basically already covered policies theres nothing grin bear recommendation educate safety policies speak loudly frequently group settings feel something isnt safe keep leadership accountable dont push physically meet numbers difficult youve got bills pay worth long term mobility health build skills find work another company respects body needed job fast onboarding fast skills requirements low pay local average fun work robotics fulfillment center,Full-Time Warehouse Associates
67.0,2025-02-18T00:00:00.000Z,2.0,REGULAR,Current employees,False,False,,,,0.0,0.0,3.0,0.0,Good,"Bellevue, WA",Software Development Engineer (SDE),,Good work and lot to learn,Too much work and no work life balance,0.0,0.0,0.0,good,,good work lot learn,much work work life balance,0.7,0.6000000000000001,positive,Glassdoor,,,,,,,,,,,,,good much work work life balance good work lot learn,Management & Specialized Roles
68.0,2025-02-17T00:00:00.000Z,1.0,PART_TIME,"Former employee, less than 1 year",False,False,,,,0.0,0.0,3.0,4.0,Not proper training,"Portland, OR",Sortation Associate,,"Good pay, shift options and benefits",Not being able to train well their employees,0.0,0.0,3.0,proper training,,good pay shift options benefits,able train well employees,0.0,0.1,neutral,Glassdoor,,,,,,,,,,,,Pay Adequacy vs Overtime Dependency,proper training able train well employees good pay shift options benefits,Part-Time Warehouse Associates
69.0,2025-02-17T00:00:00.000Z,1.0,REGULAR,"Former employee, less than 1 year",False,False,POSITIVE,APPROVE,POSITIVE,5.0,5.0,5.0,4.0,Great Opportunity and Awesome Benefits,"Etna, OH",Associate,Hire me back. I didn’t know what I had until it was gone and I regret leaving.,"The benefits and how the Amazon AtoZ app worked was all great. It was so thorough and simple, and the work was repetitive but made time fly by.","There was a decent bit of people up there that didn’t speak much English and it would be hard to communicate with them sometimes, but everyone was helpful when needed.",5.0,4.0,4.0,great opportunity awesome benefits,hire back didnt know gone regret leaving,benefits amazon atoz app worked great thorough simple work repetitive made time fly,decent bit people didnt speak much english would hard communicate sometimes everyone helpful needed,0.9,0.875,positive,Glassdoor,,,,,,,,,,,,Monotony and Isolation,great opportunity awesome benefits decent bit people didnt speak much english would hard communicate sometimes everyone helpful needed benefits amazon atoz app worked great thorough simple work repetitive made time fly,Full-Time Warehouse Associates
70.0,2025-02-13T00:00:00.000Z,0.0,INTERN,Former employee,False,False,,,,0.0,0.0,4.0,0.0,HR Partner Intern at Amazon,"Tampa, FL",HR Partner Intern,,Good pay and benefits for the interns,"Since the site is 24 hours, you may get the night shift",0.0,0.0,0.0,hr partner intern amazon,,good pay benefits interns,since site 24 hours may get night shift,0.0,0.0,neutral,Glassdoor,,,,,,,,,,,,Pay Adequacy vs Overtime Dependency,hr partner intern amazon since site 24 hours may get night shift good pay benefits interns,Contract & Temporary Workers
71.0,2025-02-12T00:00:00.000Z,0.0,CONTRACT,Former employee,False,False,,,,0.0,0.0,2.0,0.0,"Good, not great ","Brampton, ON",Fulfillment Associate,,Daytime hours good for work/life balance,Nighttime shift is an absolute mess,0.0,0.0,0.0,good great,,daytime hours good worklife balance,nighttime shift absolute mess,0.75,0.675,positive,Glassdoor,,,,,,,,,,,,,good great nighttime shift absolute mess daytime hours good worklife balance,Contract & Temporary Workers
72.0,2025-02-11T00:00:00.000Z,0.0,INTERN,Former employee,False,False,,,,0.0,0.0,4.0,0.0,You get out what you put in,"Spokane, WA",Area Manager Intern,,hands on work with real experience managing associates,overwork the interns like an associate if you don't differentiate yourself or advocate for work,0.0,0.0,0.0,get put,,hands work real experience managing associates,overwork interns like associate dont differentiate advocate work,0.0,0.0,neutral,Glassdoor,,,,,,,,,,,,,get put overwork interns like associate dont differentiate advocate work hands work real experience managing associates,Contract & Temporary Workers
73.0,2025-02-10T00:00:00.000Z,1.0,PART_TIME,"Current employee, less than 1 year",False,False,,,,5.0,5.0,5.0,5.0,great working place for starters,Paderborn,FC Associate I,,"fixed hours.
both parttime and fulltime available",should pay more for overtime.,5.0,5.0,5.0,great working place starters,,fixed hours parttime fulltime available,pay overtime,0.8,0.75,positive,Glassdoor,,,,,,,,,,,,Pay Adequacy vs Overtime Dependency,great working place starters pay overtime fixed hours parttime fulltime available,Part-Time Warehouse Associates
74.0,2025-02-07T00:00:00.000Z,2.0,REGULAR,Former employees,False,False,POSITIVE,APPROVE,POSITIVE,4.0,4.0,5.0,4.0,Good salary but difficult targets,"Brampton, ON",Warehouse Associate,Listen to your employees,They provide a healthy salary. Every six months a salary hike and good benefits.,They ask for difficult targets. There are some internal politics that still exist.,4.0,4.0,4.0,good salary difficult targets,listen employees,provide healthy salary every six months salary hike good benefits,ask difficult targets internal politics still exist,0.0999999999999999,0.8,neutral,Glassdoor,,,,,,,,,,,,"Productivity Pressure and Monitoring, Pay Adequacy vs Overtime Dependency, Favoritism and Management Fairness",good salary difficult targets ask difficult targets internal politics still exist provide healthy salary every six months salary hike good benefits,Full-Time Warehouse Associates
75.0,2025-02-06T00:00:00.000Z,4.0,PART_TIME,Current employees,False,False,POSITIVE,APPROVE,POSITIVE,4.0,5.0,4.0,5.0,Amazon job,"Delta, BC",Warehouse Worker,,"Good schedule , good pay","Heavy work load, long shifts",5.0,4.0,5.0,amazon job,,good schedule good pay,heavy work load long shifts,0.0,0.0,neutral,Glassdoor,,,,,,,,,,,,"Physical Strain and Exhaustion, Pay Adequacy vs Overtime Dependency",amazon job heavy work load long shifts good schedule good pay,Part-Time Warehouse Associates
76.0,2025-02-06T00:00:00.000Z,1.0,CONTRACT,"Current employee, less than 1 year",False,False,NEUTRAL,APPROVE,POSITIVE,5.0,5.0,5.0,5.0,best pay rate,"Gateshead, England",FC Associate,,"good management, best work culture, nice colleagues","shift patterns, break timings, team leads",5.0,5.0,5.0,best pay rate,,good management best work culture nice colleagues,shift patterns break timings team leads,1.0,0.3,positive,Glassdoor,,,,,,,,,,,,"Productivity Pressure and Monitoring, Pay Adequacy vs Overtime Dependency",best pay rate shift patterns break timings team leads good management best work culture nice colleagues,Contract & Temporary Workers
77.0,2025-02-04T00:00:00.000Z,4.0,REGULAR,Current employees,False,False,NEGATIVE,DISAPPROVE,NEGATIVE,1.0,2.0,1.0,1.0,Hard Pass,"Delta, BC",Process Associate,Focus more on taking care of the people who are driving your productivity and acknowledge they are why you are successful.,"Was a job that paid the bills. 
Makes you really appreciate working somewhere else","Only cared about increasing productivity and not at all about the people. Whoever coined them as equality opportunity employees needs to look up the definition. 
Save your physical and mental well being an look for employment elsewhere.",4.0,1.0,1.0,hard pass,focus taking care people driving productivity acknowledge successful,job paid bills makes really appreciate working somewhere else,cared increasing productivity people whoever coined equality opportunity employees needs look definition save physical mental well look employment elsewhere,-0.2916666666666667,0.5416666666666666,negative,Glassdoor,,,,,,,,,,,,Physical Strain and Exhaustion,hard pass cared increasing productivity people whoever coined equality opportunity employees needs look definition save physical mental well look employment elsewhere job paid bills makes really appreciate working somewhere else,Full-Time Warehouse Associates
78.0,2025-02-03T00:00:00.000Z,0.0,REGULAR,Current employee,False,False,,,,4.0,4.0,4.0,3.0,It's not a technical job.,"Boston, MA",Non-Inventory Receiver,,"If you want to have a smooth start at work, I think it's a good idea",Internal promotion is a bit difficult and may take a long time.,4.0,4.0,4.0,technical job,,want smooth start work think good idea,internal promotion bit difficult may take long time,0.0,0.1,neutral,Glassdoor,,,,,,,,,,,,,technical job internal promotion bit difficult may take long time want smooth start work think good idea,Full-Time Warehouse Associates
79.0,2025-01-28T00:00:00.000Z,0.0,PART_TIME,Current employee,False,False,,,,4.0,4.0,4.0,4.0,Sueldo base Amazon técnico RME,El Prat de Llobregat,Técnico de mantenimiento industrial,,Horario flexible y muchos pluses en fin de semana,El metro tarda mucho en llegar al prat,4.0,4.0,4.0,sueldo base amazon técnico rme,,horario flexible muchos pluses en fin de semana,el metro tarda mucho en llegar al prat,-0.8,1.0,negative,Glassdoor,,,,,,,,,,,,,sueldo base amazon técnico rme el metro tarda mucho en llegar al prat horario flexible muchos pluses en fin de semana,Management & Specialized Roles
80.0,2025-01-28T00:00:00.000Z,2.0,REGULAR,Former employees,False,False,,,,0.0,0.0,4.0,0.0,It's a good beginner job,"Chattanooga, TN",Warehouse Packer,,"Job is not hard, the people were friendly and helpful.",12 hour work days during busy times,0.0,0.0,0.0,good beginner job,,job hard people friendly helpful,12 hour work days busy times,0.7,0.6000000000000001,positive,Glassdoor,,,,,,,,,,,,,good beginner job 12 hour work days busy times job hard people friendly helpful,Full-Time Warehouse Associates
81.0,2025-01-23T00:00:00.000Z,4.0,REGULAR,Former employees,False,False,NEGATIVE,APPROVE,POSITIVE,2.0,3.0,2.0,1.0,Great benefits on sign in but deteriorate rapidly after first year,"Mississauga, ON",Whs Specialist,,"Fast paced, challenging and great learning opportunities; great overall benefits from day 1","Hectic hours, little flexibility, pay structure, call out culture leads to internal fights to show who is better",3.0,2.0,2.0,great benefits sign deteriorate rapidly first year,,fast paced challenging great learning opportunities great overall benefits day 1,hectic hours little flexibility pay structure call culture leads internal fights show better,0.525,0.5416666666666666,positive,Glassdoor,,,,,,,,,,,,"Productivity Pressure and Monitoring, Pay Adequacy vs Overtime Dependency",great benefits sign deteriorate rapidly first year hectic hours little flexibility pay structure call culture leads internal fights show better fast paced challenging great learning opportunities great overall benefits day 1,Management & Specialized Roles
82.0,2025-01-17T00:00:00.000Z,0.0,REGULAR,Former employee,False,False,NEUTRAL,NO_OPINION,POSITIVE,2.0,4.0,3.0,3.0,"If you can deal with it, it’s a good job",,,,Very simple and not complicated,High expectations and comes with some petty drama,3.0,2.0,1.0,deal good job,,simple complicated,high expectations comes petty drama,0.7,0.6000000000000001,positive,Glassdoor,,,,,,,,,,,,,deal good job high expectations comes petty drama simple complicated,Full-Time Warehouse Associates
83.0,2025-01-16T00:00:00.000Z,1.0,PART_TIME,"Current employee, less than 1 year",False,False,,,,0.0,0.0,5.0,0.0,Amazing,Euskirchen,Sortiermitarbeiter,,"Gute Leitungen.
Gute Mitarbeitern
Gute Arbeit",Es gibt keine Kontras für der Arbeit,0.0,0.0,0.0,amazing,,gute leitungen gute mitarbeitern gute arbeit,es gibt keine kontras für der arbeit,0.6000000000000001,0.9,positive,Glassdoor,,,,,,,,,,,,,amazing es gibt keine kontras für der arbeit gute leitungen gute mitarbeitern gute arbeit,Part-Time Warehouse Associates
84.0,2025-01-15T00:00:00.000Z,0.0,PART_TIME,Former employee,False,False,,,,0.0,0.0,3.0,0.0,Good place to learn,"Warrington, North West England, England",FC Associate,,Develops a strong work ethic for employees,No consideration of human feeling within the workplace,0.0,0.0,0.0,good place learn,,develops strong work ethic employees,consideration human feeling within workplace,0.7,0.6000000000000001,positive,Glassdoor,,,,,,,,,,,,,good place learn consideration human feeling within workplace develops strong work ethic employees,Part-Time Warehouse Associates
85.0,2025-01-11T00:00:00.000Z,1.0,REGULAR,"Former employee, less than 1 year",False,False,POSITIVE,NO_OPINION,POSITIVE,4.0,4.0,3.0,5.0,"Amazon FC Hamilton, a great place to work","Hamilton, ON",Associate,Eliminate the hiring freeze.,"I made a mistake leaving, never should have. Hard job to do, but well worth it.","Can't get rehired. They aren't hiring now, or for the last while",4.0,3.0,3.0,amazon fc hamilton great place work,eliminate hiring freeze,made mistake leaving never hard job well worth,cant get rehired arent hiring last,0.8,0.75,positive,Glassdoor,,,,,,,,,,,,,amazon fc hamilton great place work cant get rehired arent hiring last made mistake leaving never hard job well worth,Full-Time Warehouse Associates
86.0,2025-01-11T00:00:00.000Z,2.0,REGULAR,Former employees,False,False,,,NEGATIVE,2.0,3.0,3.0,1.0,Don't get too comfortable,"Dallas, TX",Associate,,"The pay is not bad, and you are paid weekly.","They work you like a dog, regardless of age or ability. Their retention rate is ridiculous, and their managers always quit or are moved around.",3.0,3.0,2.0,dont get comfortable,,pay bad paid weekly,work like dog regardless age ability retention rate ridiculous managers always quit moved around,0.4,0.8,positive,Glassdoor,,,,,,,,,,,,"Productivity Pressure and Monitoring, Pay Adequacy vs Overtime Dependency",dont get comfortable work like dog regardless age ability retention rate ridiculous managers always quit moved around pay bad paid weekly,Full-Time Warehouse Associates
87.0,2025-01-11T00:00:00.000Z,1.0,REGULAR,"Current employee, less than 1 year",False,False,POSITIVE,APPROVE,POSITIVE,5.0,5.0,3.0,3.0,Hard work,"Huntley, IL",Palletizer,Move people around so they can get a break on positions. Give equal work to everyone . My manager favors groups of people,Can work with friends and can sometimes take your time. The job comes with sOME benefits,"A lot of work on the body. Depending where you’re placed, you’re doing the same thing for 10+ hours straight . lifting heavy heavy boxes.",5.0,2.0,5.0,hard work,move people around get break positions give equal work everyone manager favors groups people,work friends sometimes take time job comes benefits,lot work body depending youre placed youre thing 10 hours straight lifting heavy heavy boxes,-0.2916666666666667,0.5416666666666666,negative,Glassdoor,,,,,,,,,,,,Physical Strain and Exhaustion,hard work lot work body depending youre placed youre thing 10 hours straight lifting heavy heavy boxes work friends sometimes take time job comes benefits,Full-Time Warehouse Associates
88.0,2025-01-10T00:00:00.000Z,0.0,PART_TIME,Current employee,False,False,,,,3.0,4.0,3.0,2.0,Rating,"Edison, NJ",Stower,,"Make own hours
Good pay
Free food sometimes","Receptive 
Brain mush
Boring
Physically and mentally draining",3.0,3.0,3.0,rating,,make hours good pay free food sometimes,receptive brain mush boring physically mentally draining,0.0,0.0,neutral,Glassdoor,,,,,,,,,,,,"Physical Strain and Exhaustion, Pay Adequacy vs Overtime Dependency, Monotony and Isolation",rating receptive brain mush boring physically mentally draining make hours good pay free food sometimes,Part-Time Warehouse Associates
89.0,2025-01-10T00:00:00.000Z,4.0,REGULAR,Current employees,False,False,POSITIVE,APPROVE,NEGATIVE,4.0,4.0,3.0,4.0,Amazing company,"Hamilton, ON",Associate,Be kind,Benefit and vacation and TPO,Big loads hard hours long,4.0,4.0,4.0,amazing company,kind,benefit vacation tpo,big loads hard hours long,0.6000000000000001,0.9,positive,Glassdoor,,,,,,,,,,,,,amazing company big loads hard hours long benefit vacation tpo,Full-Time Warehouse Associates
90.0,2025-01-10T00:00:00.000Z,2.0,REGULAR,Former employees,False,False,NEGATIVE,DISAPPROVE,NEGATIVE,1.0,4.0,3.0,3.0,Heavy lifting,"Grimes, IA",Associate,,"Ok money, good supervisors, swag bucks",Heavy lifting/ safety is a concern but don't expect them to care or pay you for your injuries,2.0,2.0,3.0,heavy lifting,,ok money good supervisors swag bucks,heavy lifting safety concern dont expect care pay injuries,-0.2,0.5,negative,Glassdoor,,,,,,,,,,,,"Physical Strain and Exhaustion, Pay Adequacy vs Overtime Dependency",heavy lifting heavy lifting safety concern dont expect care pay injuries ok money good supervisors swag bucks,Full-Time Warehouse Associates
91.0,2025-01-09T00:00:00.000Z,1.0,REGULAR,"Former employee, less than 1 year",False,False,,,,0.0,0.0,4.0,0.0,"Fulfillment Center Warehouse Associate Review – Amazon MTN1, Wilmington","Wilmington, DE",Fulfillment Center Warehouse Associate,"Streamline workflows to reduce strain during peak seasons.
Enhance recognition programs to boost morale.
Provide better training for new and current associates.
Act on employee feedback to improve job satisfaction.","Competitive pay and benefits (healthcare, 401k, stock options).
Opportunities for career advancement and skill development.
Fast-paced, engaging work environment.
Supportive team culture with approachable management.
Job stability with a global company.","Physically demanding, especially during peak seasons.
Long shifts with limited break times.
Fluctuating workload, sometimes stressful.
Noisy warehouse environment.",0.0,0.0,0.0,fulfillment center warehouse associate review – amazon mtn1 wilmington,streamline workflows reduce strain peak seasons enhance recognition programs boost morale provide better training new current associates act employee feedback improve job satisfaction,competitive pay benefits healthcare 401k stock options opportunities career advancement skill development fastpaced engaging work environment supportive team culture approachable management job stability global company,physically demanding especially peak seasons long shifts limited break times fluctuating workload sometimes stressful noisy warehouse environment,-0.1,0.1,neutral,Glassdoor,,,,,,,,,,,,"Physical Strain and Exhaustion, Productivity Pressure and Monitoring, Pay Adequacy vs Overtime Dependency",fulfillment center warehouse associate review – amazon mtn1 wilmington physically demanding especially peak seasons long shifts limited break times fluctuating workload sometimes stressful noisy warehouse environment competitive pay benefits healthcare 401k stock options opportunities career advancement skill development fastpaced engaging work environment supportive team culture approachable management job stability global company,Full-Time Warehouse Associates
92.0,2025-01-08T00:00:00.000Z,1.0,REGULAR,"Current employee, less than 1 year",False,False,POSITIVE,APPROVE,POSITIVE,1.0,1.0,2.0,1.0,It was terrible,"Monroe, OH",Cherry Picker,Stop flirting with employees and trying to get your way.,The pay was good that’s pretty much it,It’s a lot of drama and it’s all about who you know to do what you wanna do there. Even if you get a different roll you still will be paid the same.,5.0,1.0,1.0,terrible,stop flirting employees trying get way,pay good thats pretty much,lot drama know wanna even get different roll still paid,-1.0,1.0,negative,Glassdoor,,,,,,,,,,,,Pay Adequacy vs Overtime Dependency,terrible lot drama know wanna even get different roll still paid pay good thats pretty much,Full-Time Warehouse Associates
93.0,2025-01-08T00:00:00.000Z,1.0,PART_TIME,"Current employee, less than 1 year",False,False,,,POSITIVE,4.0,4.0,4.0,5.0,Good Part Time opportunity,"Lubbock, TX",Seasonal Associate,,"The job is repetitive, relatively easy to learn. HR is onsite and helpful.","The job is physically demanding, but once you get used to it it isn't so bad. Work ethic varies greatly, and hard work is not appreciated besides compliments from managers.",4.0,3.0,3.0,good part time opportunity,,job repetitive relatively easy learn hr onsite helpful,job physically demanding get used isnt bad work ethic varies greatly hard work appreciated besides compliments managers,0.7,0.6000000000000001,positive,Glassdoor,,,,,,,,,,,,"Physical Strain and Exhaustion, Monotony and Isolation",good part time opportunity job physically demanding get used isnt bad work ethic varies greatly hard work appreciated besides compliments managers job repetitive relatively easy learn hr onsite helpful,Part-Time Warehouse Associates
94.0,2025-01-03T00:00:00.000Z,2.0,REGULAR,Former employees,False,False,POSITIVE,DISAPPROVE,NEGATIVE,3.0,4.0,3.0,2.0,MCO1 Stow,"Orlando, FL",Warehouse Associate,stowers for waterspiders should not have such an indirect role -- they really do need just a little bit more direction/labor tracking.,"decent pay for the type of work
great benefits (insurance, 401k, company stock and education/Career Choice)
generous time-off policy
plenty of people to get to know if you are a people person","very physically demanding
keeping your job depends on your rate -- your rate can depend on your waterspider who may not care that you do not have enough work/""good"" work to make rate and stay out of the bottom 5%",4.0,3.0,2.0,mco1 stow,stowers waterspiders indirect role really need little bit directionlabor tracking,decent pay type work great benefits insurance 401k company stock educationcareer choice generous timeoff policy plenty people get know people person,physically demanding keeping job depends rate rate depend waterspider may care enough workgood work make rate stay bottom 5,0.0,0.0,neutral,Glassdoor,,,,,,,,,,,,"Physical Strain and Exhaustion, Productivity Pressure and Monitoring, Pay Adequacy vs Overtime Dependency",mco1 stow physically demanding keeping job depends rate rate depend waterspider may care enough workgood work make rate stay bottom 5 decent pay type work great benefits insurance 401k company stock educationcareer choice generous timeoff policy plenty people get know people person,Full-Time Warehouse Associates
95.0,2025-01-02T00:00:00.000Z,0.0,PART_TIME,Current employee,False,False,,,,1.0,5.0,3.0,5.0,Its okay,"Robbinsville, NJ",Warehouse Sortation Associate,,It pays the bills I guess.,The flex up / flex down thing here can be really annoying.,3.0,2.0,1.0,okay,,pays bills guess,flex flex thing really annoying,0.5,0.5,positive,Glassdoor,,,,,,,,,,,,Pay Adequacy vs Overtime Dependency,okay flex flex thing really annoying pays bills guess,Part-Time Warehouse Associates
96.0,2025-01-01T00:00:00.000Z,4.0,REGULAR,Former employees,False,False,NEUTRAL,NO_OPINION,POSITIVE,4.0,4.0,3.0,4.0,Good place,"Etna, OH",AA(Amazon Associate),Management keeps rotating,Work on your own terms,Heavy items when slow season,3.0,3.0,3.0,good place,management keeps rotating,work terms,heavy items slow season,0.7,0.6000000000000001,positive,Glassdoor,,,,,,,,,,,,Physical Strain and Exhaustion,good place heavy items slow season work terms,Full-Time Warehouse Associates
97.0,2024-12-29T00:00:00.000Z,1.0,CONTRACT,"Current employee, less than 1 year",False,False,POSITIVE,APPROVE,POSITIVE,5.0,5.0,5.0,5.0,unkn,"Manchester, England",Warehouse Fulfillment Associate,the management is very good,Very good and nice culture,need to improve the salary range,5.0,5.0,5.0,unkn,management good,good nice culture,need improve salary range,0.0,0.0,neutral,Glassdoor,,,,,,,,,,,,Pay Adequacy vs Overtime Dependency,unkn need improve salary range good nice culture,Contract & Temporary Workers
98.0,2024-12-29T00:00:00.000Z,0.0,PART_TIME,Former employee,False,False,,,POSITIVE,0.0,0.0,5.0,0.0,A good place to work at,"Dallas, TX",ICQA Associate,Stay off the cat walk,The benefits starts on day1,The standing for a long period of times and short lunches,0.0,0.0,0.0,good place work,stay cat walk,benefits starts day1,standing long period times short lunches,0.7,0.6000000000000001,positive,Glassdoor,,,,,,,,,,,,,good place work standing long period times short lunches benefits starts day1,Part-Time Warehouse Associates
99.0,2024-12-27T00:00:00.000Z,2.0,PART_TIME,Former employees,False,False,NEUTRAL,NO_OPINION,NEGATIVE,2.0,5.0,2.0,3.0,Wasn’t the greatest,"Greenfield, IN",Sorter Loader,,"The pay was good, and the time off accumulating every shift was nice","They really didn’t care about their workers when I worked there. 
Bathroom breaks were like they were not acceptable",2.0,3.0,2.0,wasnt greatest,,pay good time accumulating every shift nice,really didnt care workers worked bathroom breaks like acceptable,1.0,1.0,positive,Glassdoor,,,,,,,,,,,,"Productivity Pressure and Monitoring, Pay Adequacy vs Overtime Dependency",wasnt greatest really didnt care workers worked bathroom breaks like acceptable pay good time accumulating every shift nice,Part-Time Warehouse Associates
100.0,2024-12-25T00:00:00.000Z,1.0,REGULAR,"Former employee, less than 1 year",False,False,NEGATIVE,DISAPPROVE,NEGATIVE,1.0,5.0,1.0,2.0,Not worth for the weather and long shifts,"Orlando, FL",Driver Associate,Don't tell your incoming employees that you'll offer bonuses and then say sike when they get hired,"Simple to do, 4 day work week","10 hour shifts and have to deal with heat and rain,",1.0,1.0,1.0,worth weather long shifts,dont tell incoming employees youll offer bonuses say sike get hired,simple 4 day work week,10 hour shifts deal heat rain,0.125,0.25,positive,Glassdoor,,,,,,,,,,,,,worth weather long shifts 10 hour shifts deal heat rain simple 4 day work week,Management & Specialized Roles
101.0,2024-12-25T00:00:00.000Z,0.0,PART_TIME,Current employee,False,False,POSITIVE,APPROVE,POSITIVE,2.0,4.0,3.0,3.0,Decent,,Associate,,Decent pay here at this job nothing too crazy,As a part time you only get 15 mins break,2.0,3.0,3.0,decent,,decent pay job nothing crazy,part time get 15 mins break,0.1666666666666666,0.6666666666666666,positive,Glassdoor,,,,,,,,,,,,"Productivity Pressure and Monitoring, Pay Adequacy vs Overtime Dependency",decent part time get 15 mins break decent pay job nothing crazy,Part-Time Warehouse Associates
102.0,2024-12-17T00:00:00.000Z,0.0,REGULAR,Current employee,False,False,,,,5.0,5.0,5.0,5.0,A nice place to work,"Scarborough, ON",Warehouse Associate,,You will gain alot of knowledge,Be ready to stand for the whole shift,5.0,5.0,5.0,nice place work,,gain alot knowledge,ready stand whole shift,0.6,1.0,positive,Glassdoor,,,,,,,,,,,,,nice place work ready stand whole shift gain alot knowledge,Full-Time Warehouse Associates
103.0,2024-12-17T00:00:00.000Z,20.0,REGULAR,Current employees,False,False,,,POSITIVE,5.0,5.0,5.0,5.0,Great Benefits,"Charleston, TN",Human Resource Associate Partner,,Mutiple time off options. Above average health insurance options.,"Small department, not a lot of room to move up without moving.",4.0,5.0,5.0,great benefits,,mutiple time options average health insurance options,small department lot room move without moving,0.8,0.75,positive,Glassdoor,,,,,,,,,,,,,great benefits small department lot room move without moving mutiple time options average health insurance options,Management & Specialized Roles
105.0,2024-12-16T00:00:00.000Z,4.0,REGULAR,Current employees,False,False,,,,1.0,1.0,1.0,1.0,Physically Demanding job,"San Bernardino, CA",Quality Control,,lots of overtime. Worked 60hours/week,"The cons are the same as the pros, but this website doesn't allow me to copy the same response.",1.0,1.0,1.0,physically demanding job,,lots overtime worked 60hoursweek,cons pros website doesnt allow copy response,0.0,0.1428571428571428,neutral,Glassdoor,,,,,,,,,,,,"Physical Strain and Exhaustion, Pay Adequacy vs Overtime Dependency",physically demanding job cons pros website doesnt allow copy response lots overtime worked 60hoursweek,Management & Specialized Roles
106.0,2024-12-15T00:00:00.000Z,2.0,PART_TIME,Current employees,False,False,POSITIVE,DISAPPROVE,POSITIVE,3.0,4.0,4.0,3.0,Decent Pay,"Sparrows Point, MD",Associate,,"Freedom
Opportunities
Career choice
Decent Pay","Physically tiring
Poor Training
Not enough benefits",3.0,3.0,3.0,decent pay,,freedom opportunities career choice decent pay,physically tiring poor training enough benefits,0.1666666666666666,0.6666666666666666,positive,Glassdoor,,,,,,,,,,,,"Physical Strain and Exhaustion, Pay Adequacy vs Overtime Dependency",decent pay physically tiring poor training enough benefits freedom opportunities career choice decent pay,Part-Time Warehouse Associates
107.0,2024-12-15T00:00:00.000Z,2.0,REGULAR,Former employees,False,False,,,,1.0,3.0,1.0,1.0,Cold,"Rugeley, England",,,"Good managers, a lot of overtime available",Cold warehouse. Lonely isolating job,1.0,3.0,1.0,cold,,good managers lot overtime available,cold warehouse lonely isolating job,-0.6,1.0,negative,Glassdoor,,,,,,,,,,,,"Pay Adequacy vs Overtime Dependency, Monotony and Isolation",cold cold warehouse lonely isolating job good managers lot overtime available,Full-Time Warehouse Associates
108.0,2024-12-14T00:00:00.000Z,2.0,REGULAR,Current employees,False,False,POSITIVE,APPROVE,POSITIVE,3.0,4.0,5.0,4.0,Pay,"St. Thomas, ON",Associate,,Good pay rate for Associates,Lot of internal politics in the Amazon warehouses,5.0,5.0,5.0,pay,,good pay rate associates,lot internal politics amazon warehouses,0.0,0.0,neutral,Glassdoor,,,,,,,,,,,,"Productivity Pressure and Monitoring, Pay Adequacy vs Overtime Dependency, Favoritism and Management Fairness",pay lot internal politics amazon warehouses good pay rate associates,Full-Time Warehouse Associates
109.0,2024-12-12T00:00:00.000Z,0.0,REGULAR,Current employee,False,False,,,,0.0,0.0,5.0,0.0,Good place,"Council Bluffs, IA",Associate,,Good place to start a warehouse job.,Temperature is a little chilly.,0.0,0.0,0.0,good place,,good place start warehouse job,temperature little chilly,0.7,0.6000000000000001,positive,Glassdoor,,,,,,,,,,,,,good place temperature little chilly good place start warehouse job,Full-Time Warehouse Associates
110.0,2024-12-11T00:00:00.000Z,2.0,REGULAR,Former employees,False,False,,,,0.0,0.0,3.0,0.0,Boring,"Jeffersonville, IN",ICQA Associate,,"PTO, same work every night.",Lots of turn over. Monotonous,0.0,0.0,0.0,boring,,pto work every night,lots turn monotonous,-1.0,1.0,negative,Glassdoor,,,,,,,,,,,,Monotony and Isolation,boring lots turn monotonous pto work every night,Full-Time Warehouse Associates
111.0,2024-12-08T00:00:00.000Z,4.0,REGULAR,Former employees,False,False,,,,5.0,5.0,4.0,4.0,Amazon,"Goodyear, AZ",Warehouse Worker,,They have really good benefits,Some jobs can get overwhelming,5.0,4.0,5.0,amazon,,really good benefits,jobs get overwhelming,0.0,0.0,neutral,Glassdoor,,,,,,,,,,,,Productivity Pressure and Monitoring,amazon jobs get overwhelming really good benefits,Full-Time Warehouse Associates
112.0,2024-12-07T00:00:00.000Z,0.0,REGULAR,Current employee,False,False,,,,0.0,0.0,4.0,0.0,Good Job and Pay,"Leeds, England",Warehouse Associate,,"Easy, not much weight to handle","long shifts, stationed in one place",0.0,0.0,0.0,good job pay,,easy much weight handle,long shifts stationed one place,0.7,0.6000000000000001,positive,Glassdoor,,,,,,,,,,,,Pay Adequacy vs Overtime Dependency,good job pay long shifts stationed one place easy much weight handle,Full-Time Warehouse Associates
113.0,2024-12-05T00:00:00.000Z,4.0,REGULAR,Current employees,False,False,,,NEGATIVE,2.0,3.0,3.0,1.0,"Good money, hardwork","Edmonton, AB",Associate,,Good money better than average job,"Favouritism, no appreciation, more work you do more you’ll get, less work you do less they will give",3.0,3.0,3.0,good money hardwork,,good money better average job,favouritism appreciation work youll get less work less give,0.7,0.6000000000000001,positive,Glassdoor,,,,,,,,,,,,,good money hardwork favouritism appreciation work youll get less work less give good money better average job,Full-Time Warehouse Associates
114.0,2024-12-04T00:00:00.000Z,9.0,REGULAR,Current employees,False,False,POSITIVE,NO_OPINION,POSITIVE,3.0,5.0,3.0,1.0,Hard work,"Windsor, CT",Packer,,Fast Advancements and great benefits,Very high turnover and not much accountability. Very long hours during holiday season.,3.0,3.0,3.0,hard work,,fast advancements great benefits,high turnover much accountability long hours holiday season,-0.2916666666666667,0.5416666666666666,negative,Glassdoor,,,,,,,,,,,,,hard work high turnover much accountability long hours holiday season fast advancements great benefits,Full-Time Warehouse Associates
115.0,2024-12-03T00:00:00.000Z,2.0,PART_TIME,Current employees,False,False,POSITIVE,APPROVE,POSITIVE,3.0,3.0,3.0,3.0,Not Bad,"Avenel, NJ",FC Associate I,Lower the rate. Or increase the pay. And give out more shifts.,Simple work is required of you.,Their rate per hour is slightly unreasonable due to the fact if the items are heavy in total it’s harder to walk around while pushing the heavy cart.,3.0,3.0,3.0,bad,lower rate increase pay give shifts,simple work required,rate per hour slightly unreasonable due fact items heavy total harder walk around pushing heavy cart,-0.6999999999999998,0.6666666666666666,negative,Glassdoor,,,,,,,,,,,,"Physical Strain and Exhaustion, Productivity Pressure and Monitoring",bad rate per hour slightly unreasonable due fact items heavy total harder walk around pushing heavy cart simple work required,Part-Time Warehouse Associates
116.0,2024-12-03T00:00:00.000Z,4.0,REGULAR,Current employees,False,False,NEGATIVE,DISAPPROVE,NEGATIVE,1.0,1.0,1.0,1.0,Good benefits bad work culture,"Saint Louis, MO",Inbound Stower,"We are humans with our own lives outside of work. We are somebody’s child, wife, husband, father, mother or grandparent. We are not robots or machines to use and toss away whenever you feel like it. To some of us Amazon is one of our only choices to make a living for our families.","Great benefits, very flexible, lots of different positions to try out incase you don’t like your main role. Free holiday meals once a year. Come and leave work whenever you want using your unpaid time or pto. They lay for school and offer career programs although the tests to get into them are very difficult","Forced mandatory extra time. (My MET was 5 days of 11 1/2 hours and my regular shift is 3 days of 12 hours) you will get forced to cross trained and you will get labor shares to different departments wether you like that position or not. They have a very high expectations for making “rates” in your position. Managers and anyone in lead positions will micromanage and breathe down your neck. You are always getting watched and judged and everyone will shut down any minimal concern you have because nobody cares. They just care about saving their own behind. If you get hurt, well you better pray that you don’t because their AmCare will send you to their own doctor and they will lie and say you weren’t hurt at all so that they don’t have to pay for your injury or have you sue them. Some departments are very strict and WILL find reasons to write you up. You have to use some of your break time to get back to your station and sign in and scan something by the end of your break or you will get in trouble. You will use some of your break time just walking to the break area because it is SO far and so are the restrooms and don’t forget you need to use your break time to come back from break on time or you’ll get in trouble",3.0,1.0,3.0,good benefits bad work culture,humans lives outside work somebodys child wife husband father mother grandparent robots machines use toss away whenever feel like us amazon one choices make living families,great benefits flexible lots different positions try incase dont like main role free holiday meals year come leave work whenever want using unpaid time pto lay school offer career programs although tests get difficult,forced mandatory extra time met 5 days 11 12 hours regular shift 3 days 12 hours get forced cross trained get labor shares different departments wether like position high expectations making “rates” position managers anyone lead positions micromanage breathe neck always getting watched judged everyone shut minimal concern nobody cares care saving behind get hurt well better pray dont amcare send doctor lie say werent hurt dont pay injury sue departments strict find reasons write use break time get back station sign scan something end break get trouble use break time walking break area far restrooms dont forget need use break time come back break time youll get trouble,5.551115123125783e-17,0.6333333333333333,neutral,Glassdoor,,,,,,,,,,,,"Physical Strain and Exhaustion, Productivity Pressure and Monitoring, Pay Adequacy vs Overtime Dependency",good benefits bad work culture forced mandatory extra time met 5 days 11 12 hours regular shift 3 days 12 hours get forced cross trained get labor shares different departments wether like position high expectations making “rates” position managers anyone lead positions micromanage breathe neck always getting watched judged everyone shut minimal concern nobody cares care saving behind get hurt well better pray dont amcare send doctor lie say werent hurt dont pay injury sue departments strict find reasons write use break time get back station sign scan something end break get trouble use break time walking break area far restrooms dont forget need use break time come back break time youll get trouble great benefits flexible lots different positions try incase dont like main role free holiday meals year come leave work whenever want using unpaid time pto lay school offer career programs although tests get difficult,Full-Time Warehouse Associates
117.0,2024-12-02T00:00:00.000Z,0.0,REGULAR,Former employee,False,False,,,,0.0,0.0,3.0,0.0,Amazon,"Orlando, FL",Picker,,A lot of hard work,Only care about the numbers,0.0,0.0,0.0,amazon,,lot hard work,care numbers,0.0,0.0,neutral,Glassdoor,,,,,,,,,,,,,amazon care numbers lot hard work,Full-Time Warehouse Associates
118.0,2024-11-30T00:00:00.000Z,2.0,PART_TIME,Current employees,False,False,,APPROVE,POSITIVE,5.0,5.0,5.0,4.0,Amazon review,"Ottawa, ON",Associate,,"It has good base pay, health benefits, and paid vacation.",Work is heavy sometimes and need physical strength.,5.0,5.0,5.0,amazon review,,good base pay health benefits paid vacation,work heavy sometimes need physical strength,0.0,0.0,neutral,Glassdoor,,,,,,,,,,,,"Physical Strain and Exhaustion, Pay Adequacy vs Overtime Dependency",amazon review work heavy sometimes need physical strength good base pay health benefits paid vacation,Part-Time Warehouse Associates
119.0,2024-11-29T00:00:00.000Z,1.0,REGULAR,"Current employee, less than 1 year",False,False,,APPROVE,POSITIVE,0.0,0.0,5.0,5.0,I loved working there,"Coconut Creek, FL",Picker/Packer,"Focus on Employee Well-Being.
Encourage a balance between productivity and employee health. Consider frequent breaks, ergonomic assessments, and wellness programs.","Employment stability 
Competitive pay
Benefits 
Diverse workforce","Physical demands 
Management challenges 
Monotonous tasks
High turnover rates
Fast spaced environment",5.0,0.0,5.0,loved working,focus employee wellbeing encourage balance productivity employee health consider frequent breaks ergonomic assessments wellness programs,employment stability competitive pay benefits diverse workforce,physical demands management challenges monotonous tasks high turnover rates fast spaced environment,0.7,0.8,positive,Glassdoor,,,,,,,,,,,,"Physical Strain and Exhaustion, Productivity Pressure and Monitoring, Pay Adequacy vs Overtime Dependency, Monotony and Isolation",loved working physical demands management challenges monotonous tasks high turnover rates fast spaced environment employment stability competitive pay benefits diverse workforce,Full-Time Warehouse Associates
120.0,2024-11-27T00:00:00.000Z,0.0,REGULAR,Former employee,False,False,,,,0.0,0.0,5.0,0.0,The pay is good but the work sometimes can be a bit.... Boring,"Charlotte, NC",Picking Associate,,Paid by the hour and if u stay long enough u get better pay well at least 1$ up,From what I've heard they treat ya like a number or a robot,0.0,0.0,0.0,pay good work sometimes bit boring,,paid hour u stay long enough u get better pay well least 1,ive heard treat ya like number robot,-0.15,0.8,negative,Glassdoor,,,,,,,,,,,,"Pay Adequacy vs Overtime Dependency, Monotony and Isolation",pay good work sometimes bit boring ive heard treat ya like number robot paid hour u stay long enough u get better pay well least 1,Full-Time Warehouse Associates
121.0,2024-11-26T00:00:00.000Z,1.0,REGULAR,"Former employee, less than 1 year",False,False,POSITIVE,NO_OPINION,POSITIVE,3.0,5.0,4.0,2.0,Great place to start oit,"Calgary, AB",Dock Worker,,"Great benefits, great people to work with.",The work is very physically demanding,5.0,5.0,3.0,great place start oit,,great benefits great people work,work physically demanding,0.8,0.75,positive,Glassdoor,,,,,,,,,,,,Physical Strain and Exhaustion,great place start oit work physically demanding great benefits great people work,Full-Time Warehouse Associates
122.0,2024-11-23T00:00:00.000Z,1.0,REGULAR,"Former employee, less than 1 year",False,False,POSITIVE,APPROVE,POSITIVE,4.0,3.0,4.0,3.0,Salary at Amazon,"Sioux Falls, SD",Reliability & Maintenance Engineering,,Good pay from the company and lovely colleagues,Too much heat and a lot of noise,4.0,4.0,4.0,salary amazon,,good pay company lovely colleagues,much heat lot noise,0.0,0.0,neutral,Glassdoor,,,,,,,,,,,,Pay Adequacy vs Overtime Dependency,salary amazon much heat lot noise good pay company lovely colleagues,Management & Specialized Roles
123.0,2022-12-09T00:00:00.000Z,0.0,REGULAR,Former employee,False,False,,,,2.0,1.0,2.0,3.0,nothign,"St. Thomas, ON",Warehouse Worker,,good pay and nice shift hours,politics and partiality play a major role,4.0,1.0,2.0,nothign,,good pay nice shift hours,politics partiality play major role,0.0,0.0,neutral,Glassdoor,,,,,,,,,,,,"Pay Adequacy vs Overtime Dependency, Favoritism and Management Fairness",nothign politics partiality play major role good pay nice shift hours,Full-Time Warehouse Associates
124.0,2024-11-19T00:00:00.000Z,2.0,REGULAR,Former employees,False,False,,,,3.0,3.0,3.0,1.0,General,"Dartford, England",Warehouse Operative,,Flexible working schedules and good pay,Extremely physical. Employees treated as machine sometimes.,4.0,3.0,4.0,general,,flexible working schedules good pay,extremely physical employees treated machine sometimes,0.05,0.5,neutral,Glassdoor,,,,,,,,,,,,"Physical Strain and Exhaustion, Pay Adequacy vs Overtime Dependency",general extremely physical employees treated machine sometimes flexible working schedules good pay,Full-Time Warehouse Associates
125.0,2022-11-18T00:00:00.000Z,0.0,REGULAR,Former employee,False,False,,,,1.0,1.0,1.0,1.0,Review,"Ottawa, ON",Warehouse Associate,"Treat associates with respect and dignity. Foster a more supportive environment, especially during challenging times, and ensure fair treatment for all employees, including those dealing with work-related injuries.","Good benefits.
Valuable working experience.
Opportunities to learn and grow.","Poor management support.
Lack of understanding during personal hardships.
Unfair treatment when injured on the job.
High-pressure environment with unrealistic expectations at times.",1.0,1.0,1.0,review,treat associates respect dignity foster supportive environment especially challenging times ensure fair treatment employees including dealing workrelated injuries,good benefits valuable working experience opportunities learn grow,poor management support lack understanding personal hardships unfair treatment injured job highpressure environment unrealistic expectations times,0.0,0.0,neutral,Glassdoor,,,,,,,,,,,,Favoritism and Management Fairness,review poor management support lack understanding personal hardships unfair treatment injured job highpressure environment unrealistic expectations times good benefits valuable working experience opportunities learn grow,Full-Time Warehouse Associates
126.0,2022-10-22T00:00:00.000Z,0.0,REGULAR,Current employee,False,False,NEUTRAL,NO_OPINION,NEGATIVE,1.0,5.0,2.0,1.0,"Pay Ok, Work too stressful","Charlotte, NC",Fulfillment Associate,Be more patient to new workers and let them have time to learn or you will scare them away,Pay is regular and quick and decent,,3.0,1.0,1.0,pay ok work stressful,patient new workers let time learn scare away,pay regular quick decent,,0.5,0.5,positive,Glassdoor,,,,,,,,,,,,Pay Adequacy vs Overtime Dependency,pay ok work stressful  pay regular quick decent,Full-Time Warehouse Associates
127.0,2022-10-25T00:00:00.000Z,3.0,REGULAR,Former employee,False,False,NEUTRAL,NO_OPINION,NEGATIVE,3.0,2.0,2.0,1.0,Not the best job,,Senior IT Technician,Provide constructive realistic feedback to all employees,"Name recognition, close to where I lived",Feedback was used against the employee,3.0,2.0,2.0,best job,provide constructive realistic feedback employees,name recognition close lived,feedback used employee,1.0,0.3,positive,Glassdoor,,,,,,,,,,,,,best job feedback used employee name recognition close lived,Full-Time Warehouse Associates
128.0,2022-10-23T00:00:00.000Z,5.0,REGULAR,Current employee,False,False,NEGATIVE,NO_OPINION,NEGATIVE,3.0,4.0,,2.0,To servive,"Harrisburg, PA","Process assistant, fc associate iii",,Great pay..consideringthe cons,"You must have some previous management experience to display in interview, using STAR format.
Also, must incorporate Amazons Core Leadership Principles. Unusual Mental Stress should be in the job posting.",4.0,2.0,4.0,servive,,great payconsideringthe cons,must previous management experience display interview using star format also must incorporate amazons core leadership principles unusual mental stress job posting,0.0,0.0,neutral,Glassdoor,,,,,,,,,,,,"Productivity Pressure and Monitoring, Pay Adequacy vs Overtime Dependency",servive must previous management experience display interview using star format also must incorporate amazons core leadership principles unusual mental stress job posting great payconsideringthe cons,Full-Time Warehouse Associates
129.0,2022-11-13T00:00:00.000Z,1.0,REGULAR,Current employee,False,False,POSITIVE,NO_OPINION,POSITIVE,5.0,5.0,5.0,5.0,Good management and great company to work with,"Brampton, ON",Associate,No suggestion but just that they are doing their job very well,"Considering each and every employee and appreciating their hard work through a good salary package, benefits, and career growth opportunities.",I have no cons to mention so far about this workplace.,5.0,5.0,4.0,good management great company work,suggestion job well,considering every employee appreciating hard work good salary package benefits career growth opportunities,cons mention far workplace,0.75,0.675,positive,Glassdoor,,,,,,,,,,,,Pay Adequacy vs Overtime Dependency,good management great company work cons mention far workplace considering every employee appreciating hard work good salary package benefits career growth opportunities,Full-Time Warehouse Associates
130.0,2022-11-11T00:00:00.000Z,3.0,REGULAR,Current employee,False,False,NEUTRAL,NO_OPINION,,2.0,2.0,3.0,2.0,Day 1,,Area manager,Understand the value of the people on your team.Remember people service goes both ways.,A job where you learn the most,Very little chance for advancement,3.0,2.0,2.0,day 1,understand value people teamremember people service goes ways,job learn,little chance advancement,0.0,0.0,neutral,Glassdoor,,,,,,,,,,,,,day 1 little chance advancement job learn,Full-Time Warehouse Associates
131.0,2022-12-15T00:00:00.000Z,1.0,REGULAR,Current employee,False,False,POSITIVE,NO_OPINION,POSITIVE,5.0,5.0,5.0,5.0,Amazon company to work for if your willing to work,,Warehouse Associate,,4 day work week pay management is supportive when it comes to development,Must meet certain metrics peak hours lack of staff,5.0,5.0,5.0,amazon company work willing work,,4 day work week pay management supportive comes development,must meet certain metrics peak hours lack staff,0.25,0.75,positive,Glassdoor,,,,,,,,,,,,Pay Adequacy vs Overtime Dependency,amazon company work willing work must meet certain metrics peak hours lack staff 4 day work week pay management supportive comes development,Full-Time Warehouse Associates
132.0,2022-12-29T00:00:00.000Z,0.0,REGULAR,Former employee,False,False,NEGATIVE,NO_OPINION,NEGATIVE,1.0,1.0,1.0,3.0,Only work there if you have no other options,"Carrollton, TX",Warehouse Associate,,"Easy to learn, fun at the beginning, big company","Lots of change in management, no real accommodation",3.0,1.0,2.0,work options,,easy learn fun beginning big company,lots change management real accommodation,0.0,0.0,neutral,Glassdoor,,,,,,,,,,,,,work options lots change management real accommodation easy learn fun beginning big company,Full-Time Warehouse Associates
133.0,2023-01-18T00:00:00.000Z,3.0,REGULAR,Current employee,False,False,,NO_OPINION,NEGATIVE,2.0,4.0,3.0,2.0,If you don't have other choices,"Derby, England",Fulfillment Associate,,Coworkers are very friendly and you can work within a good team.,,4.0,1.0,2.0,dont choices,,coworkers friendly work within good team,,0.0,0.0,neutral,Glassdoor,,,,,,,,,,,,,dont choices  coworkers friendly work within good team,Full-Time Warehouse Associates
134.0,2023-01-19T00:00:00.000Z,0.0,REGULAR,Current employee,False,False,POSITIVE,NO_OPINION,POSITIVE,4.0,4.0,5.0,3.0,I personally feel it is worth working with amazon,"Hamilton, ON",Warehouse process guide,,Good Pay and Benefits. Corporate skills,Hard and Heavy work and established target based work,4.0,3.0,4.0,personally feel worth working amazon,,good pay benefits corporate skills,hard heavy work established target based work,0.15,0.2,positive,Glassdoor,,,,,,,,,,,,"Physical Strain and Exhaustion, Productivity Pressure and Monitoring, Pay Adequacy vs Overtime Dependency",personally feel worth working amazon hard heavy work established target based work good pay benefits corporate skills,Full-Time Warehouse Associates
135.0,2023-01-22T00:00:00.000Z,0.0,REGULAR,Former employee,False,False,,NO_OPINION,NEGATIVE,1.0,1.0,2.0,1.0,Poor,,Warehouse operative,,The pay was the only thing keeping me going,Long hours -Favouritism -Managers don't care for workers,3.0,1.0,3.0,poor,,pay thing keeping going,long hours favouritism managers dont care workers,-0.4,0.6,negative,Glassdoor,,,,,,,,,,,,Pay Adequacy vs Overtime Dependency,poor long hours favouritism managers dont care workers pay thing keeping going,Full-Time Warehouse Associates
136.0,2023-02-01T00:00:00.000Z,0.0,REGULAR,Current employee,False,False,POSITIVE,NO_OPINION,POSITIVE,0.0,0.0,5.0,0.0,Amazon,"Ajax, ON",FC Associate I,Keep up the good work,We get payed every week,No shuttle buses available for people coming from Scarborough,0.0,0.0,0.0,amazon,keep good work,get payed every week,shuttle buses available people coming scarborough,0.0,0.0,neutral,Glassdoor,,,,,,,,,,,,Pay Adequacy vs Overtime Dependency,amazon shuttle buses available people coming scarborough get payed every week,Full-Time Warehouse Associates
137.0,2023-02-07T00:00:00.000Z,1.0,REGULAR,Current employee,False,False,,NO_OPINION,,5.0,5.0,5.0,5.0,Amazon,,FC Associate I,,Pay and benefits are topnotch,There aren't any that i can think of,5.0,5.0,5.0,amazon,,pay benefits topnotch,arent think,0.0,0.0,neutral,Glassdoor,,,,,,,,,,,,Pay Adequacy vs Overtime Dependency,amazon arent think pay benefits topnotch,Full-Time Warehouse Associates
138.0,2023-02-11T00:00:00.000Z,0.0,REGULAR,Former employee,False,False,POSITIVE,NO_OPINION,NEGATIVE,5.0,5.0,3.0,5.0,Wonderful unless you have poor lungs,,Employee,Please fix the issue with people smoking weed at work. Some people have lung issues,"Great pay, easy work, excellent management. Lots of tlexible pto","EVERYONE IS SOMKING WEED EVERY DAY you
WILL be second hand smoking week DO NOT work here if you have breathing issues or are pregnant or planning to become pregnant",5.0,5.0,5.0,wonderful unless poor lungs,please fix issue people smoking weed work people lung issues,great pay easy work excellent management lots tlexible pto,everyone somking weed every day second hand smoking week work breathing issues pregnant planning become pregnant,0.3,0.8,positive,Glassdoor,,,,,,,,,,,,Pay Adequacy vs Overtime Dependency,wonderful unless poor lungs everyone somking weed every day second hand smoking week work breathing issues pregnant planning become pregnant great pay easy work excellent management lots tlexible pto,Full-Time Warehouse Associates
139.0,2023-02-19T00:00:00.000Z,5.0,REGULAR,Current employee,False,False,POSITIVE,NO_OPINION,POSITIVE,4.0,4.0,4.0,4.0,Inbound Stower,"Stone Mountain, GA",Stower,Prepare lunch to save money.,Pay is okay. Just don't be late,It feels tedious and boring,4.0,4.0,4.0,inbound stower,prepare lunch save money,pay okay dont late,feels tedious boring,0.0,0.0,neutral,Glassdoor,,,,,,,,,,,,"Pay Adequacy vs Overtime Dependency, Monotony and Isolation",inbound stower feels tedious boring pay okay dont late,Full-Time Warehouse Associates
140.0,2023-02-21T00:00:00.000Z,0.0,REGULAR,Current employee,False,False,NEUTRAL,NO_OPINION,,1.0,4.0,3.0,5.0,Amazon warehouse,"Wilmer, TX",Warehouse Associate,More fans,Flexible. Good amount of PTO/VTO,Sometimes it's hot inside and there is no AC.,2.0,3.0,3.0,amazon warehouse,fans,flexible good amount ptovto,sometimes hot inside ac,0.0,0.0,neutral,Glassdoor,,,,,,,,,,,,,amazon warehouse sometimes hot inside ac flexible good amount ptovto,Full-Time Warehouse Associates
141.0,2023-03-04T00:00:00.000Z,0.0,REGULAR,Former employee,False,False,POSITIVE,NO_OPINION,POSITIVE,4.0,5.0,5.0,5.0,Working experience,,Remote product tester,Break ideas down to the simplest key to achieve success,"It was nice working as an Amazon fulfillment Associate, I liked making the friends I made-the managers were awesome.",The hrs were just gruesomely killing me that's why ! don't work there any more.,5.0,4.0,4.0,working experience,break ideas simplest key achieve success,nice working amazon fulfillment associate liked making friends madethe managers awesome,hrs gruesomely killing thats dont work,0.0,0.0,neutral,Glassdoor,,,,,,,,,,,,,working experience hrs gruesomely killing thats dont work nice working amazon fulfillment associate liked making friends madethe managers awesome,Full-Time Warehouse Associates
,,,,,,,,,,,,,,,,,,,,,,,base pay 1850 hour overtime pay 2750 hour worked 60 hours warehouse barely made 1000 means want make 4000 month work six days week whole month,,,,-0.1833333333333333,0.5,negative,YouTube,1.0,https://youtu.be/W_4yqiclMr0?si=4FV2vXSMKvkEDYpz,Apr 2026,393.0,9.0,4.0,https://docs.google.com/document/d/18-okZIUfo_a0oHr4k1VgvkJx8nKw7ZMxpI5gCl27ZOI/edit?usp=sharing,Negative,Pay,I worked 60 hours at Amazon delivery station warehouse,"My base pay is $18.50 an hour, and my overtime pay is $27.50 an hour. I worked 60 hours in that warehouse and barely made $1,000. That means if I want to make about $4,000 a month, I have to work six days a week for the whole month",Pay Adequacy vs Overtime Dependency,base pay 1850 hour overtime pay 2750 hour worked 60 hours warehouse barely made 1000 means want make 4000 month work six days week whole month  ,Other
,,,,,,,,,,,,,,,,,,,,,,,ive flex decided try overtime maybe twice three times month im trying wear warehouse job goal really work enough comfortable,,,,0.2,0.5,positive,YouTube,2.0,https://youtu.be/pfhj6yovxX8?si=VfcWlaMdndzvu-HT,Jan 2026,72.0,0.0,2.0,https://docs.google.com/document/d/18-okZIUfo_a0oHr4k1VgvkJx8nKw7ZMxpI5gCl27ZOI/edit?usp=sharing,Mixed,Overtime,Amazon Overtime Year,"I’ve been doing flex, and I decided to try overtime maybe twice or three times out the month because I’m not trying to wear myself down at the warehouse job. My goal is to really work enough to be comfortable",Pay Adequacy vs Overtime Dependency,ive flex decided try overtime maybe twice three times month im trying wear warehouse job goal really work enough comfortable  ,Other
,,,,,,,,,,,,,,,,,,,,,,,amazon worker died job warehouse troutdale oregon lay dead floor hour workers instructed continue jobs around body worker tried help manager said turn around look lets get back work,,,,-0.1,0.2,neutral,YouTube,3.0,https://youtu.be/YuJ24X_4Zuk?si=vsBRr_mbAJq4ZoW,Apr 2026,184495.0,20919.0,5800.0,https://docs.google.com/document/d/18-okZIUfo_a0oHr4k1VgvkJx8nKw7ZMxpI5gCl27ZOI/edit?usp=sharing,Negative,Workplace safety,Amazon Worker Dies at Warehouse,"An Amazon worker died on the job in a warehouse in Troutdale, Oregon. As he lay dead on the floor for over an hour, workers were instructed to continue doing their jobs around his body. A worker tried to help him, and a manager said, ‘Just turn around and not look'. Let’s get back to work",Physical Strain and Exhaustion,amazon worker died job warehouse troutdale oregon lay dead floor hour workers instructed continue jobs around body worker tried help manager said turn around look lets get back work  ,Other
,,,,,,,,,,,,,,,,,,,,,,,work amazon difficult boring repetitive theres nobody talk lot time youre isolated task 10 11 hours day,,,,-0.5833333333333334,0.75,negative,YouTube,4.0,https://youtu.be/UsYrDQz18uU?si=pxtcDOxFAxV-ZOX4,Apr 2026,306.0,1.0,0.0,https://docs.google.com/document/d/18-okZIUfo_a0oHr4k1VgvkJx8nKw7ZMxpI5gCl27ZOI/edit?usp=sharing,Negative,Repetitive work,I Tried Working at Amazon ...Everything I Wish I Knew Day 1,"Most of the work at Amazon is not difficult. It’s just very boring and very repetitive. There’s nobody to talk to. A lot of the time, you’re isolated and doing the same task 10 to 11 hours a day","Physical Strain and Exhaustion, Monotony and Isolation",work amazon difficult boring repetitive theres nobody talk lot time youre isolated task 10 11 hours day  ,Other
,,,,,,,,,,,,,,,,,,,,,,,important organize ever today reminded important organize ever,,,,0.4,1.0,positive,YouTube,5.0,https://youtu.be/ISq6UL5XHDU?si=HQtAU8RK2CSxdTxd,Jun 2026,14.0,1.0,0.0,https://docs.google.com/document/d/18-okZIUfo_a0oHr4k1VgvkJx8nKw7ZMxpI5gCl27ZOI/edit?usp=sharing,Negative,Unionization,Workers at JFK8 Amazon Fulfillment Center Demands Better Conditions and Union Rights,It is more important to organize than ever before. Today we are reminded that it is more important to organize than ever before,,important organize ever today reminded important organize ever  ,Other
,,,,,,,,,,,,,,,,,,,,,,,hour bus ride way bus ride hour 15 30 minutes long,,,,-0.05,0.4,neutral,YouTube,6.0,https://youtu.be/XBreh2yNKSA?si=20IF7X2kKGb4SgRK,Mar 2026,403.0,0.0,6.0,https://docs.google.com/document/d/18-okZIUfo_a0oHr4k1VgvkJx8nKw7ZMxpI5gCl27ZOI/edit?usp=sharing,Mixed,Commute,Working Amazon As A Fulfillment Associate,"It’s an hour bus ride, by the way. The bus ride is about an hour and 15 to 30 minutes long",,hour bus ride way bus ride hour 15 30 minutes long  ,Other
,,,,,,,,,,,,,,,,,,,,,,,pretty boring job one easiest jobs pick items scan put away,,,,-0.375,1.0,negative,YouTube,7.0,https://youtu.be/Cknu5Q4UJ_k?si=FCtrUPB_sQ_Vc48b,Apr 2026,767.0,13.0,3.0,https://docs.google.com/document/d/18-okZIUfo_a0oHr4k1VgvkJx8nKw7ZMxpI5gCl27ZOI/edit?usp=sharing,Mixed,Repetitive work,Amazon Fulfilment Centre / Picking Job / Warehouse Job ,"It’s a pretty boring job, but it’s one of the easiest jobs. You just pick up the items from here, scan them, and put them away",Monotony and Isolation,pretty boring job one easiest jobs pick items scan put away  ,Other
,,,,,,,,,,,,,,,,,,,,,,,10hour shift couldnt feel legs carried 400 packages walked least three miles im talking break 10 hours straight could use bathroom even bathroom breaks timed,,,,-0.0499999999999999,0.4,neutral,YouTube,8.0,https://youtu.be/bmvM_1yzB1g?si=82qCY83SwfsFmH1L,Feb 2026,1842.0,62.0,28.0,https://docs.google.com/document/d/18-okZIUfo_a0oHr4k1VgvkJx8nKw7ZMxpI5gCl27ZOI/edit?usp=sharing,Negative ,Working condition,No breaks for 10 hours at Amazon,"After this 10-hour shift, I couldn’t feel my legs. I carried 400 packages and walked at least three miles, and I’m talking about no break. I was there for 10 hours straight. All I could do was use the bathroom, and even my bathroom breaks were timed","Physical Strain and Exhaustion, Productivity Pressure and Monitoring",10hour shift couldnt feel legs carried 400 packages walked least three miles im talking break 10 hours straight could use bathroom even bathroom breaks timed  ,Other
,,,,,,,,,,,,,,,,,,,,,,,working taught great lesson really makes patient builds selfcontrol body going ache standing bending see people ages even mom really complain,,,,0.3999999999999999,0.3833333333333333,positive,YouTube,9.0,https://youtu.be/eAuVl53SbV0?si=ccgfICAHPqvcBaLD,May 2026,299.0,2.0,0.0,https://docs.google.com/document/d/18-okZIUfo_a0oHr4k1VgvkJx8nKw7ZMxpI5gCl27ZOI/edit?usp=sharing,Positive,Resilience,10.5 Hours of Amazon Warehouse Work Nobody Talks About,"Working there taught me a great lesson, it really makes you patient and builds self-control. Your body is going to ache from all that standing and bending, but you see people of all ages doing it, even my mom was doing it. So how can I really complain?",Physical Strain and Exhaustion,working taught great lesson really makes patient builds selfcontrol body going ache standing bending see people ages even mom really complain  ,Other
,,,,,,,,,,,,,,,,,,,,,,,im working inbound thats basically receiving pull stuff truck put belt warehouse sort normally throw stuff belt outside truck inside warehouse today theyre little understaffed im inside truck,,,,-0.0125,0.3999999999999999,neutral,YouTube,10.0,https://youtu.be/kvtSBoK1em8?si=EIKpfB-b2_RPSZHl,Jan 2026,1019.0,20.0,0.0,https://docs.google.com/document/d/18-okZIUfo_a0oHr4k1VgvkJx8nKw7ZMxpI5gCl27ZOI/edit?usp=sharing,Neutral,Job Duties,Night Shift at Amazon Warehouse,"I’m working inbound, so that’s basically receiving. We pull all of this stuff off the truck and put it on the belt so the warehouse can sort it all out. I normally throw the stuff on the belt outside of the truck, inside the warehouse, but today they’re a little understaffed, so I’m inside the truck",,im working inbound thats basically receiving pull stuff truck put belt warehouse sort normally throw stuff belt outside truck inside warehouse today theyre little understaffed im inside truck  ,Other
